date,beta_const,beta_oil,beta_ofz,fair_expanding,deviation_pct
2014-03-17,,,,,
2014-03-18,,,,,
2014-03-19,,,,,
2014-03-20,,,,,
2014-03-21,,,,,
2014-03-24,,,,,
2014-03-25,,,,,
2014-03-26,,,,,
2014-03-27,,,,,
2014-03-28,,,,,
2014-03-31,,,,,
2014-04-01,,,,,
2014-04-02,,,,,
2014-04-03,,,,,
2014-04-04,,,,,
2014-04-07,,,,,
2014-04-08,,,,,
2014-04-09,,,,,
2014-04-10,,,,,
2014-04-11,,,,,
2014-04-14,,,,,
2014-04-15,,,,,
2014-04-16,,,,,
2014-04-17,,,,,
2014-04-18,,,,,
2014-04-21,,,,,
2014-04-22,,,,,
2014-04-23,,,,,
2014-04-24,,,,,
2014-04-25,,,,,
2014-04-28,,,,,
2014-04-29,,,,,
2014-04-30,,,,,
2014-05-02,,,,,
2014-05-05,,,,,
2014-05-06,,,,,
2014-05-07,,,,,
2014-05-08,,,,,
2014-05-12,,,,,
2014-05-13,,,,,
2014-05-14,,,,,
2014-05-15,,,,,
2014-05-16,,,,,
2014-05-19,,,,,
2014-05-20,,,,,
2014-05-21,,,,,
2014-05-22,,,,,
2014-05-23,,,,,
2014-05-26,,,,,
2014-05-27,,,,,
2014-05-28,,,,,
2014-05-29,,,,,
2014-05-30,,,,,
2014-06-02,,,,,
2014-06-03,,,,,
2014-06-04,,,,,
2014-06-05,,,,,
2014-06-06,,,,,
2014-06-09,,,,,
2014-06-10,,,,,
2014-06-11,,,,,
2014-06-16,,,,,
2014-06-17,,,,,
2014-06-18,,,,,
2014-06-19,,,,,
2014-06-20,,,,,
2014-06-23,,,,,
2014-06-24,,,,,
2014-06-25,,,,,
2014-06-26,,,,,
2014-06-27,,,,,
2014-06-30,,,,,
2014-07-01,,,,,
2014-07-02,,,,,
2014-07-03,,,,,
2014-07-04,,,,,
2014-07-07,,,,,
2014-07-08,,,,,
2014-07-09,,,,,
2014-07-10,,,,,
2014-07-11,,,,,
2014-07-14,,,,,
2014-07-15,,,,,
2014-07-16,,,,,
2014-07-17,,,,,
2014-07-18,,,,,
2014-07-21,,,,,
2014-07-22,,,,,
2014-07-23,,,,,
2014-07-24,,,,,
2014-07-25,,,,,
2014-07-28,,,,,
2014-07-29,,,,,
2014-07-30,,,,,
2014-07-31,,,,,
2014-08-01,,,,,
2014-08-04,,,,,
2014-08-05,,,,,
2014-08-06,,,,,
2014-08-07,,,,,
2014-08-08,,,,,
2014-08-11,,,,,
2014-08-12,,,,,
2014-08-13,,,,,
2014-08-14,,,,,
2014-08-15,,,,,
2014-08-18,,,,,
2014-08-19,,,,,
2014-08-20,,,,,
2014-08-21,,,,,
2014-08-22,,,,,
2014-08-25,,,,,
2014-08-26,,,,,
2014-08-27,,,,,
2014-08-28,,,,,
2014-08-29,,,,,
2014-09-01,,,,,
2014-09-02,,,,,
2014-09-03,,,,,
2014-09-04,,,,,
2014-09-05,,,,,
2014-09-08,,,,,
2014-09-09,,,,,
2014-09-10,,,,,
2014-09-11,,,,,
2014-09-12,,,,,
2014-09-15,,,,,
2014-09-16,,,,,
2014-09-17,,,,,
2014-09-18,,,,,
2014-09-19,,,,,
2014-09-22,,,,,
2014-09-23,,,,,
2014-09-24,,,,,
2014-09-25,,,,,
2014-09-26,,,,,
2014-09-29,,,,,
2014-09-30,,,,,
2014-10-01,,,,,
2014-10-02,,,,,
2014-10-03,,,,,
2014-10-06,,,,,
2014-10-07,,,,,
2014-10-08,,,,,
2014-10-09,,,,,
2014-10-10,,,,,
2014-10-13,,,,,
2014-10-14,,,,,
2014-10-15,,,,,
2014-10-16,,,,,
2014-10-17,,,,,
2014-10-20,,,,,
2014-10-21,,,,,
2014-10-22,,,,,
2014-10-23,,,,,
2014-10-24,,,,,
2014-10-27,,,,,
2014-10-28,,,,,
2014-10-29,,,,,
2014-10-30,,,,,
2014-10-31,,,,,
2014-11-03,,,,,
2014-11-05,,,,,
2014-11-06,,,,,
2014-11-07,,,,,
2014-11-10,,,,,
2014-11-11,,,,,
2014-11-12,,,,,
2014-11-13,,,,,
2014-11-14,,,,,
2014-11-17,,,,,
2014-11-18,,,,,
2014-11-19,,,,,
2014-11-20,,,,,
2014-11-21,,,,,
2014-11-24,,,,,
2014-11-25,,,,,
2014-11-26,,,,,
2014-11-27,,,,,
2014-11-28,,,,,
2014-12-01,,,,,
2014-12-02,,,,,
2014-12-03,,,,,
2014-12-04,,,,,
2014-12-05,,,,,
2014-12-08,,,,,
2014-12-09,,,,,
2014-12-10,,,,,
2014-12-11,,,,,
2014-12-12,,,,,
2014-12-15,,,,,
2014-12-16,,,,,
2014-12-17,,,,,
2014-12-18,,,,,
2014-12-19,,,,,
2014-12-22,,,,,
2014-12-23,,,,,
2014-12-24,,,,,
2014-12-25,,,,,
2014-12-26,,,,,
2014-12-29,,,,,
2014-12-30,,,,,
2015-01-05,,,,,
2015-01-06,,,,,
2015-01-08,,,,,
2015-01-09,,,,,
2015-01-12,,,,,
2015-01-13,,,,,
2015-01-14,,,,,
2015-01-15,,,,,
2015-01-16,,,,,
2015-01-19,,,,,
2015-01-20,,,,,
2015-01-21,,,,,
2015-01-22,,,,,
2015-01-23,,,,,
2015-01-26,,,,,
2015-01-27,,,,,
2015-01-28,,,,,
2015-01-29,,,,,
2015-01-30,,,,,
2015-02-02,,,,,
2015-02-03,,,,,
2015-02-04,,,,,
2015-02-05,,,,,
2015-02-06,,,,,
2015-02-09,,,,,
2015-02-10,,,,,
2015-02-11,,,,,
2015-02-12,,,,,
2015-02-13,,,,,
2015-02-16,,,,,
2015-02-17,,,,,
2015-02-18,,,,,
2015-02-19,,,,,
2015-02-20,,,,,
2015-02-24,,,,,
2015-02-25,,,,,
2015-02-26,,,,,
2015-02-27,,,,,
2015-03-02,,,,,
2015-03-03,,,,,
2015-03-04,,,,,
2015-03-05,,,,,
2015-03-06,,,,,
2015-03-10,,,,,
2015-03-11,,,,,
2015-03-12,,,,,
2015-03-13,,,,,
2015-03-16,,,,,
2015-03-17,,,,,
2015-03-18,,,,,
2015-03-19,,,,,
2015-03-20,,,,,
2015-03-23,,,,,
2015-03-24,,,,,
2015-03-25,,,,,
2015-03-26,,,,,
2015-03-27,,,,,
2015-03-30,,,,,
2015-03-31,,,,,
2015-04-01,,,,,
2015-04-02,,,,,
2015-04-03,,,,,
2015-04-06,,,,,
2015-04-07,,,,,
2015-04-08,,,,,
2015-04-09,,,,,
2015-04-10,,,,,
2015-04-13,,,,,
2015-04-14,,,,,
2015-04-15,,,,,
2015-04-16,,,,,
2015-04-17,,,,,
2015-04-20,,,,,
2015-04-21,,,,,
2015-04-22,,,,,
2015-04-23,,,,,
2015-04-24,,,,,
2015-04-27,,,,,
2015-04-28,,,,,
2015-04-29,,,,,
2015-04-30,,,,,
2015-05-05,,,,,
2015-05-06,,,,,
2015-05-07,,,,,
2015-05-08,,,,,
2015-05-12,,,,,
2015-05-13,,,,,
2015-05-14,,,,,
2015-05-15,,,,,
2015-05-18,,,,,
2015-05-19,,,,,
2015-05-20,,,,,
2015-05-21,,,,,
2015-05-22,,,,,
2015-05-25,,,,,
2015-05-26,,,,,
2015-05-27,,,,,
2015-05-28,,,,,
2015-05-29,,,,,
2015-06-01,,,,,
2015-06-02,,,,,
2015-06-03,,,,,
2015-06-04,,,,,
2015-06-05,,,,,
2015-06-08,,,,,
2015-06-09,,,,,
2015-06-10,,,,,
2015-06-11,,,,,
2015-06-15,,,,,
2015-06-16,,,,,
2015-06-17,,,,,
2015-06-18,,,,,
2015-06-19,,,,,
2015-06-22,,,,,
2015-06-23,,,,,
2015-06-24,,,,,
2015-06-25,,,,,
2015-06-26,,,,,
2015-06-29,,,,,
2015-06-30,,,,,
2015-07-01,,,,,
2015-07-02,,,,,
2015-07-03,,,,,
2015-07-06,,,,,
2015-07-07,,,,,
2015-07-08,,,,,
2015-07-09,,,,,
2015-07-10,,,,,
2015-07-13,,,,,
2015-07-14,,,,,
2015-07-15,,,,,
2015-07-16,,,,,
2015-07-17,,,,,
2015-07-20,,,,,
2015-07-21,,,,,
2015-07-22,,,,,
2015-07-23,,,,,
2015-07-24,,,,,
2015-07-27,,,,,
2015-07-28,,,,,
2015-07-29,,,,,
2015-07-30,,,,,
2015-07-31,,,,,
2015-08-03,,,,,
2015-08-04,,,,,
2015-08-05,,,,,
2015-08-06,,,,,
2015-08-07,,,,,
2015-08-10,,,,,
2015-08-11,,,,,
2015-08-12,,,,,
2015-08-13,,,,,
2015-08-14,,,,,
2015-08-17,,,,,
2015-08-18,,,,,
2015-08-19,,,,,
2015-08-20,,,,,
2015-08-21,,,,,
2015-08-24,,,,,
2015-08-25,,,,,
2015-08-26,,,,,
2015-08-27,,,,,
2015-08-28,,,,,
2015-08-31,,,,,
2015-09-01,,,,,
2015-09-02,,,,,
2015-09-03,,,,,
2015-09-04,,,,,
2015-09-07,,,,,
2015-09-08,,,,,
2015-09-09,,,,,
2015-09-10,,,,,
2015-09-11,,,,,
2015-09-14,,,,,
2015-09-15,,,,,
2015-09-16,,,,,
2015-09-17,,,,,
2015-09-18,,,,,
2015-09-21,,,,,
2015-09-22,,,,,
2015-09-23,,,,,
2015-09-24,,,,,
2015-09-25,,,,,
2015-09-28,,,,,
2015-09-29,,,,,
2015-09-30,,,,,
2015-10-01,,,,,
2015-10-02,,,,,
2015-10-05,,,,,
2015-10-06,,,,,
2015-10-07,,,,,
2015-10-08,,,,,
2015-10-09,,,,,
2015-10-12,,,,,
2015-10-13,,,,,
2015-10-14,,,,,
2015-10-15,,,,,
2015-10-16,,,,,
2015-10-19,,,,,
2015-10-20,,,,,
2015-10-21,,,,,
2015-10-22,,,,,
2015-10-23,,,,,
2015-10-26,,,,,
2015-10-27,,,,,
2015-10-28,,,,,
2015-10-29,,,,,
2015-10-30,,,,,
2015-11-02,,,,,
2015-11-03,,,,,
2015-11-05,,,,,
2015-11-06,,,,,
2015-11-09,,,,,
2015-11-10,,,,,
2015-11-11,,,,,
2015-11-12,,,,,
2015-11-13,,,,,
2015-11-16,,,,,
2015-11-17,,,,,
2015-11-18,,,,,
2015-11-19,,,,,
2015-11-20,,,,,
2015-11-23,,,,,
2015-11-24,,,,,
2015-11-25,,,,,
2015-11-26,,,,,
2015-11-27,,,,,
2015-11-30,,,,,
2015-12-01,,,,,
2015-12-02,,,,,
2015-12-03,,,,,
2015-12-04,,,,,
2015-12-07,,,,,
2015-12-08,,,,,
2015-12-09,,,,,
2015-12-10,,,,,
2015-12-11,,,,,
2015-12-14,,,,,
2015-12-15,,,,,
2015-12-16,,,,,
2015-12-17,,,,,
2015-12-18,,,,,
2015-12-21,,,,,
2015-12-22,,,,,
2015-12-23,,,,,
2015-12-24,,,,,
2015-12-25,,,,,
2015-12-28,,,,,
2015-12-29,,,,,
2015-12-30,,,,,
2016-01-04,,,,,
2016-01-05,,,,,
2016-01-06,,,,,
2016-01-11,,,,,
2016-01-12,,,,,
2016-01-13,,,,,
2016-01-14,,,,,
2016-01-15,,,,,
2016-01-18,,,,,
2016-01-19,,,,,
2016-01-20,,,,,
2016-01-21,,,,,
2016-01-22,,,,,
2016-01-25,,,,,
2016-01-26,,,,,
2016-01-27,,,,,
2016-01-28,,,,,
2016-01-29,,,,,
2016-02-01,,,,,
2016-02-02,,,,,
2016-02-03,,,,,
2016-02-04,,,,,
2016-02-05,,,,,
2016-02-08,,,,,
2016-02-09,,,,,
2016-02-10,,,,,
2016-02-11,,,,,
2016-02-12,,,,,
2016-02-15,,,,,
2016-02-16,,,,,
2016-02-17,,,,,
2016-02-18,,,,,
2016-02-19,,,,,
2016-02-20,,,,,
2016-02-22,,,,,
2016-02-24,,,,,
2016-02-25,,,,,
2016-02-26,,,,,
2016-02-29,,,,,
2016-03-01,,,,,
2016-03-02,,,,,
2016-03-03,,,,,
2016-03-04,,,,,
2016-03-07,,,,,
2016-03-09,,,,,
2016-03-10,,,,,
2016-03-11,,,,,
2016-03-14,,,,,
2016-03-15,,,,,
2016-03-16,,,,,
2016-03-17,,,,,
2016-03-18,,,,,
2016-03-21,,,,,
2016-03-22,,,,,
2016-03-23,,,,,
2016-03-24,,,,,
2016-03-25,,,,,
2016-03-28,,,,,
2016-03-29,,,,,
2016-03-30,,,,,
2016-03-31,,,,,
2016-04-01,,,,,
2016-04-04,,,,,
2016-04-05,,,,,
2016-04-06,,,,,
2016-04-07,,,,,
2016-04-08,,,,,
2016-04-11,,,,,
2016-04-12,,,,,
2016-04-13,,,,,
2016-04-14,,,,,
2016-04-15,,,,,
2016-04-18,,,,,
2016-04-19,,,,,
2016-04-20,,,,,
2016-04-21,,,,,
2016-04-22,,,,,
2016-04-25,,,,,
2016-04-26,,,,,
2016-04-27,,,,,
2016-04-28,,,,,
2016-04-29,,,,,
2016-05-04,,,,,
2016-05-05,,,,,
2016-05-06,,,,,
2016-05-10,,,,,
2016-05-11,,,,,
2016-05-12,,,,,
2016-05-13,,,,,
2016-05-16,,,,,
2016-05-17,,,,,
2016-05-18,,,,,
2016-05-19,,,,,
2016-05-20,,,,,
2016-05-23,,,,,
2016-05-24,,,,,
2016-05-25,,,,,
2016-05-26,,,,,
2016-05-27,,,,,
2016-05-30,,,,,
2016-05-31,,,,,
2016-06-01,,,,,
2016-06-02,,,,,
2016-06-03,,,,,
2016-06-06,,,,,
2016-06-07,,,,,
2016-06-08,,,,,
2016-06-09,,,,,
2016-06-10,,,,,
2016-06-14,,,,,
2016-06-15,,,,,
2016-06-16,,,,,
2016-06-17,,,,,
2016-06-20,,,,,
2016-06-21,,,,,
2016-06-22,,,,,
2016-06-23,,,,,
2016-06-24,,,,,
2016-06-27,,,,,
2016-06-28,,,,,
2016-06-29,,,,,
2016-06-30,,,,,
2016-07-01,,,,,
2016-07-04,,,,,
2016-07-05,,,,,
2016-07-06,,,,,
2016-07-07,,,,,
2016-07-08,,,,,
2016-07-11,,,,,
2016-07-12,,,,,
2016-07-13,,,,,
2016-07-14,,,,,
2016-07-15,,,,,
2016-07-18,,,,,
2016-07-19,,,,,
2016-07-20,,,,,
2016-07-21,,,,,
2016-07-22,,,,,
2016-07-25,,,,,
2016-07-26,,,,,
2016-07-27,,,,,
2016-07-28,,,,,
2016-07-29,,,,,
2016-08-01,,,,,
2016-08-02,,,,,
2016-08-03,,,,,
2016-08-04,,,,,
2016-08-05,,,,,
2016-08-08,,,,,
2016-08-09,,,,,
2016-08-10,,,,,
2016-08-11,,,,,
2016-08-12,,,,,
2016-08-15,,,,,
2016-08-16,,,,,
2016-08-17,,,,,
2016-08-18,,,,,
2016-08-19,,,,,
2016-08-22,,,,,
2016-08-23,,,,,
2016-08-24,,,,,
2016-08-25,,,,,
2016-08-26,,,,,
2016-08-29,,,,,
2016-08-30,,,,,
2016-08-31,,,,,
2016-09-01,,,,,
2016-09-02,,,,,
2016-09-05,,,,,
2016-09-06,,,,,
2016-09-07,,,,,
2016-09-08,,,,,
2016-09-09,,,,,
2016-09-12,,,,,
2016-09-13,,,,,
2016-09-14,,,,,
2016-09-15,,,,,
2016-09-16,,,,,
2016-09-19,,,,,
2016-09-20,,,,,
2016-09-21,,,,,
2016-09-22,,,,,
2016-09-23,,,,,
2016-09-26,,,,,
2016-09-27,,,,,
2016-09-28,,,,,
2016-09-29,,,,,
2016-09-30,,,,,
2016-10-03,,,,,
2016-10-04,,,,,
2016-10-05,,,,,
2016-10-06,,,,,
2016-10-07,,,,,
2016-10-10,,,,,
2016-10-11,,,,,
2016-10-12,,,,,
2016-10-13,,,,,
2016-10-14,,,,,
2016-10-17,,,,,
2016-10-18,,,,,
2016-10-19,,,,,
2016-10-20,,,,,
2016-10-21,,,,,
2016-10-24,,,,,
2016-10-25,,,,,
2016-10-26,,,,,
2016-10-27,,,,,
2016-10-28,,,,,
2016-10-31,,,,,
2016-11-01,,,,,
2016-11-02,,,,,
2016-11-03,,,,,
2016-11-07,,,,,
2016-11-08,,,,,
2016-11-09,,,,,
2016-11-10,,,,,
2016-11-11,,,,,
2016-11-14,,,,,
2016-11-15,,,,,
2016-11-16,,,,,
2016-11-17,,,,,
2016-11-18,,,,,
2016-11-21,,,,,
2016-11-22,,,,,
2016-11-23,,,,,
2016-11-24,,,,,
2016-11-25,,,,,
2016-11-28,,,,,
2016-11-29,,,,,
2016-11-30,,,,,
2016-12-01,,,,,
2016-12-02,,,,,
2016-12-05,,,,,
2016-12-06,,,,,
2016-12-07,,,,,
2016-12-08,,,,,
2016-12-09,,,,,
2016-12-12,,,,,
2016-12-13,,,,,
2016-12-14,,,,,
2016-12-15,,,,,
2016-12-16,,,,,
2016-12-19,,,,,
2016-12-20,,,,,
2016-12-21,,,,,
2016-12-22,,,,,
2016-12-23,,,,,
2016-12-26,,,,,
2016-12-27,,,,,
2016-12-28,,,,,
2016-12-29,,,,,
2016-12-30,,,,,
2017-01-03,,,,,
2017-01-04,,,,,
2017-01-05,,,,,
2017-01-06,,,,,
2017-01-09,,,,,
2017-01-10,,,,,
2017-01-11,,,,,
2017-01-12,,,,,
2017-01-13,,,,,
2017-01-16,,,,,
2017-01-17,,,,,
2017-01-18,,,,,
2017-01-19,,,,,
2017-01-20,,,,,
2017-01-23,,,,,
2017-01-24,,,,,
2017-01-25,,,,,
2017-01-26,,,,,
2017-01-27,,,,,
2017-01-30,,,,,
2017-01-31,,,,,
2017-02-01,,,,,
2017-02-02,,,,,
2017-02-03,,,,,
2017-02-06,,,,,
2017-02-07,,,,,
2017-02-08,,,,,
2017-02-09,,,,,
2017-02-10,,,,,
2017-02-13,,,,,
2017-02-14,,,,,
2017-02-15,,,,,
2017-02-16,,,,,
2017-02-17,,,,,
2017-02-20,,,,,
2017-02-21,,,,,
2017-02-22,,,,,
2017-02-24,,,,,
2017-02-27,,,,,
2017-02-28,,,,,
2017-03-01,,,,,
2017-03-02,,,,,
2017-03-03,,,,,
2017-03-06,,,,,
2017-03-07,,,,,
2017-03-09,,,,,
2017-03-10,,,,,
2017-03-13,,,,,
2017-03-14,,,,,
2017-03-15,,,,,
2017-03-16,,,,,
2017-03-17,,,,,
2017-03-20,,,,,
2017-03-21,,,,,
2017-03-22,,,,,
2017-03-23,,,,,
2017-03-24,,,,,
2017-03-27,,,,,
2017-03-28,,,,,
2017-03-29,,,,,
2017-03-30,,,,,
2017-03-31,,,,,
2017-04-03,,,,,
2017-04-04,,,,,
2017-04-05,,,,,
2017-04-06,,,,,
2017-04-07,,,,,
2017-04-10,,,,,
2017-04-11,,,,,
2017-04-12,,,,,
2017-04-13,,,,,
2017-04-14,,,,,
2017-04-17,,,,,
2017-04-18,,,,,
2017-04-19,,,,,
2017-04-20,,,,,
2017-04-21,,,,,
2017-04-24,,,,,
2017-04-25,,,,,
2017-04-26,,,,,
2017-04-27,,,,,
2017-04-28,,,,,
2017-05-02,,,,,
2017-05-03,,,,,
2017-05-04,,,,,
2017-05-05,,,,,
2017-05-10,,,,,
2017-05-11,,,,,
2017-05-12,,,,,
2017-05-15,,,,,
2017-05-16,,,,,
2017-05-17,,,,,
2017-05-18,,,,,
2017-05-19,,,,,
2017-05-22,,,,,
2017-05-23,,,,,
2017-05-24,,,,,
2017-05-25,,,,,
2017-05-26,,,,,
2017-05-29,,,,,
2017-05-30,,,,,
2017-05-31,,,,,
2017-06-01,,,,,
2017-06-02,,,,,
2017-06-05,,,,,
2017-06-06,,,,,
2017-06-07,,,,,
2017-06-08,,,,,
2017-06-09,,,,,
2017-06-13,,,,,
2017-06-14,,,,,
2017-06-15,,,,,
2017-06-16,,,,,
2017-06-19,,,,,
2017-06-20,,,,,
2017-06-21,,,,,
2017-06-22,,,,,
2017-06-23,,,,,
2017-06-26,,,,,
2017-06-27,,,,,
2017-06-28,,,,,
2017-06-29,,,,,
2017-06-30,,,,,
2017-07-03,,,,,
2017-07-04,,,,,
2017-07-05,,,,,
2017-07-06,,,,,
2017-07-07,,,,,
2017-07-10,,,,,
2017-07-11,,,,,
2017-07-12,,,,,
2017-07-13,,,,,
2017-07-14,,,,,
2017-07-17,,,,,
2017-07-18,,,,,
2017-07-19,,,,,
2017-07-20,,,,,
2017-07-21,,,,,
2017-07-24,,,,,
2017-07-25,,,,,
2017-07-26,,,,,
2017-07-27,,,,,
2017-07-28,,,,,
2017-07-31,,,,,
2017-08-01,,,,,
2017-08-02,,,,,
2017-08-03,,,,,
2017-08-04,,,,,
2017-08-07,,,,,
2017-08-08,,,,,
2017-08-09,,,,,
2017-08-10,,,,,
2017-08-11,,,,,
2017-08-14,,,,,
2017-08-15,,,,,
2017-08-16,,,,,
2017-08-17,,,,,
2017-08-18,,,,,
2017-08-21,,,,,
2017-08-22,,,,,
2017-08-23,,,,,
2017-08-24,,,,,
2017-08-25,,,,,
2017-08-28,,,,,
2017-08-29,,,,,
2017-08-30,,,,,
2017-08-31,,,,,
2017-09-01,,,,,
2017-09-04,,,,,
2017-09-05,,,,,
2017-09-06,,,,,
2017-09-07,,,,,
2017-09-08,,,,,
2017-09-11,,,,,
2017-09-12,,,,,
2017-09-13,,,,,
2017-09-14,,,,,
2017-09-15,,,,,
2017-09-18,,,,,
2017-09-19,,,,,
2017-09-20,,,,,
2017-09-21,,,,,
2017-09-22,,,,,
2017-09-25,,,,,
2017-09-26,,,,,
2017-09-27,,,,,
2017-09-28,,,,,
2017-09-29,,,,,
2017-10-02,,,,,
2017-10-03,,,,,
2017-10-04,,,,,
2017-10-05,,,,,
2017-10-06,,,,,
2017-10-09,,,,,
2017-10-10,,,,,
2017-10-11,,,,,
2017-10-12,,,,,
2017-10-13,,,,,
2017-10-16,,,,,
2017-10-17,,,,,
2017-10-18,,,,,
2017-10-19,,,,,
2017-10-20,,,,,
2017-10-23,,,,,
2017-10-24,,,,,
2017-10-25,,,,,
2017-10-26,,,,,
2017-10-27,,,,,
2017-10-30,,,,,
2017-10-31,,,,,
2017-11-01,,,,,
2017-11-02,,,,,
2017-11-03,,,,,
2017-11-07,,,,,
2017-11-08,,,,,
2017-11-09,,,,,
2017-11-10,,,,,
2017-11-13,,,,,
2017-11-14,,,,,
2017-11-15,,,,,
2017-11-16,,,,,
2017-11-17,,,,,
2017-11-20,,,,,
2017-11-21,,,,,
2017-11-22,,,,,
2017-11-23,,,,,
2017-11-24,,,,,
2017-11-27,,,,,
2017-11-28,,,,,
2017-11-29,,,,,
2017-11-30,,,,,
2017-12-01,,,,,
2017-12-04,,,,,
2017-12-05,,,,,
2017-12-06,,,,,
2017-12-07,,,,,
2017-12-08,,,,,
2017-12-11,,,,,
2017-12-12,,,,,
2017-12-13,,,,,
2017-12-14,,,,,
2017-12-15,,,,,
2017-12-18,,,,,
2017-12-19,,,,,
2017-12-20,,,,,
2017-12-21,,,,,
2017-12-22,,,,,
2017-12-25,,,,,
2017-12-26,,,,,
2017-12-27,,,,,
2017-12-28,,,,,
2017-12-29,,,,,
2018-01-03,,,,,
2018-01-04,,,,,
2018-01-05,,,,,
2018-01-09,,,,,
2018-01-10,,,,,
2018-01-11,,,,,
2018-01-12,,,,,
2018-01-15,,,,,
2018-01-16,,,,,
2018-01-17,,,,,
2018-01-18,,,,,
2018-01-19,,,,,
2018-01-22,,,,,
2018-01-23,,,,,
2018-01-24,,,,,
2018-01-25,,,,,
2018-01-26,,,,,
2018-01-29,,,,,
2018-01-30,,,,,
2018-01-31,,,,,
2018-02-01,,,,,
2018-02-02,,,,,
2018-02-05,,,,,
2018-02-06,,,,,
2018-02-07,,,,,
2018-02-08,,,,,
2018-02-09,,,,,
2018-02-12,,,,,
2018-02-13,,,,,
2018-02-14,,,,,
2018-02-15,,,,,
2018-02-16,,,,,
2018-02-19,,,,,
2018-02-20,,,,,
2018-02-21,,,,,
2018-02-22,,,,,
2018-02-26,,,,,
2018-02-27,,,,,
2018-02-28,,,,,
2018-03-01,,,,,
2018-03-02,,,,,
2018-03-05,,,,,
2018-03-06,,,,,
2018-03-07,,,,,
2018-03-09,13.353545866845538,-0.6807396276839557,-0.03726121927707113,1847.1741409691979,25.147377755465673
2018-03-12,13.331960625121688,-0.6778129886189136,-0.03746266437155133,1848.725477167884,25.384218945855963
2018-03-13,13.310344377258563,-0.6748823910526753,-0.03766413466374452,1851.019044373762,25.302870710587122
2018-03-14,13.288937023838052,-0.6719796241764613,-0.03786403042475161,1851.6252440097674,22.87799636350161
2018-03-15,13.269600279606237,-0.6693583277391805,-0.03804384488699677,1853.1171084856062,22.630673992164006
2018-03-16,13.250606243700982,-0.6667834543137425,-0.03822042797114887,1855.1783378521036,23.686222137363444
2018-03-19,13.230950165756582,-0.6641183345402116,-0.038403544151730036,1856.3609245660557,22.9135977710464
2018-03-20,13.211876528447778,-0.6615331032985788,-0.03858053860721543,1862.039742804119,23.04678290859794
2018-03-21,13.192693221864431,-0.6589299551745795,-0.038761300243580855,1864.9799598542263,23.827604033906514
2018-03-22,13.172958834625376,-0.6562512559726463,-0.038947986594101286,1868.915585386836,22.304079321318525
2018-03-23,13.154315099211319,-0.653719505056428,-0.039125461902963544,1870.2492614856933,22.204566368036694
2018-03-26,13.135775263040609,-0.651202524535983,-0.03930144373357388,1869.0692001605562,19.891227130996914
2018-03-27,13.119010386818973,-0.6489290848417529,-0.039458433894869985,1870.4547373908981,20.959890382376578
2018-03-28,13.1013833912376,-0.6465394850284601,-0.03962299043339449,1869.6674755321033,20.301071149556904
2018-03-29,13.084235187090204,-0.6442171740052604,-0.03978113746211605,1870.565835335989,21.600638535742057
2018-03-30,13.066185258629355,-0.6417732542215719,-0.0399471472701585,1874.6390225901716,21.14225579611628
2018-04-02,13.04846472773283,-0.6393725466604222,-0.040111444744037196,1874.2683180037009,20.401117509341795
2018-04-03,13.031334899694293,-0.6370536770548896,-0.0402687591212735,1872.865160688413,20.876294114407678
2018-04-04,13.013844254844296,-0.6346886428321465,-0.04042715356660939,1876.455135429238,20.738298359675156
2018-04-05,12.996584756321639,-0.6323531458969245,-0.04058489030696061,1879.2431435246226,22.19014915192179
2018-04-06,12.978363879764519,-0.6298863698223692,-0.04075238642112314,1879.9176378013958,21.347337464632112
2018-04-09,12.960821888779979,-0.6275124497885481,-0.040912854748688755,1861.9545829500623,12.294898014495637
2018-04-10,12.950332344687967,-0.626102058045297,-0.04100090800652138,1831.7648028140875,18.670257047221096
2018-04-11,12.934806947170953,-0.6240363479718701,-0.04111244245624263,1834.6184343567354,19.488061329146333
2018-04-12,12.918441617750593,-0.6218584429765942,-0.04123071210596265,1842.1546250560978,19.970928061084958
2018-04-13,12.901364621980495,-0.6195824067209729,-0.04135755900658982,1835.8458288453655,18.48271602240381
2018-04-16,12.885371483659387,-0.6174564685137136,-0.04147162243650235,1834.8025511551316,16.833824906686324
2018-04-17,12.870599617896099,-0.6154947126953811,-0.04157555067703208,1839.0689121988853,19.14670437118644
2018-04-18,12.853834142016225,-0.6132665419166589,-0.04169516194143179,1843.675464240237,21.57725388636653
2018-04-19,12.835011060659243,-0.6107629200087517,-0.04183140130496996,1846.7863969741593,20.780075251507846
2018-04-20,12.816585380537147,-0.6083118859187403,-0.041965336259284995,1844.810913903512,21.023785319863574
2018-04-23,12.797691690676618,-0.6058022470734642,-0.0420998716444219,1843.7242466793791,22.08929855178303
2018-04-24,12.777655365208725,-0.6031438963117507,-0.042240255706540976,1846.478169323937,22.057765829161546
2018-04-25,12.757333577691496,-0.6004478897358924,-0.04238286262662058,1843.1917874155135,22.26074439924737
2018-04-26,12.736583572007133,-0.5976998934095736,-0.04252463545286244,1840.194783897763,24.227066612911674
2018-04-27,12.713701981243084,-0.5946750652079599,-0.042676805940520195,1844.4193545108305,24.781275709958695
2018-04-28,12.690078479669468,-0.5915510243787199,-0.04283527119901517,1845.5694272903174,24.47648763736392
2018-04-30,12.666460651232644,-0.5884292835209126,-0.04299270150090471,1844.2959838760255,25.08946612525287
2018-05-02,12.641925364647022,-0.5851902713937677,-0.043153247624651545,1842.2681162282363,25.194589195955054
2018-05-03,12.61690946240313,-0.5818924665631793,-0.04331335963234005,1837.1213927451188,23.78441669562026
2018-05-04,12.592929156062983,-0.5787377349265926,-0.04346144643989895,1836.6996761667367,24.651298723927063
2018-05-07,12.567792503659177,-0.57543382799557,-0.043614554985740114,1836.8025956816196,25.06079887956392
2018-05-08,12.541843904362501,-0.5720259254386092,-0.043770741996154626,1832.0882059570188,25.64842634296205
2018-05-10,12.514909959565994,-0.5684955542854963,-0.04392731576475371,1832.5236672838614,26.215013824524004
2018-05-11,12.487027844960483,-0.5648433372383023,-0.0440877613516377,1834.318066702864,27.85459853293275
2018-05-14,12.457095923234505,-0.5609241255276115,-0.04425925256260569,1825.86082321101,29.12375193273622
2018-05-15,12.425331152651298,-0.5567766255243238,-0.04443170067295309,1822.9144196653517,28.202946599601162
2018-05-16,12.393781465234678,-0.5526634253691391,-0.04459824629568529,1818.2977705871708,28.60324847920146
2018-05-17,12.361153605955787,-0.5484173770984131,-0.04476443634219774,1818.203412039424,27.791532268316942
2018-05-18,12.328596723095634,-0.5441839916794418,-0.044928005120659045,1811.590974896621,28.447316874759075
2018-05-21,12.294606190450635,-0.5397736766261831,-0.04509121397555466,1811.2828463760493,28.783309832975213
2018-05-22,12.259590195049915,-0.5352337848956374,-0.04525696259268208,1810.8188082852273,28.498223530351563
2018-05-23,12.224171758444962,-0.5306454055572262,-0.04542206802951347,1810.2628564973088,26.808656088857497
2018-05-24,12.190079900212531,-0.5262323481761575,-0.04557849913794679,1810.7713857150277,26.686892563975096
2018-05-25,12.155497017328717,-0.5217582331326519,-0.04573559284726665,1807.7527735276826,27.59322147236518
2018-05-28,12.119332458928785,-0.5170851510624902,-0.045895454982948905,1807.2069176078264,27.892383405626187
2018-05-29,12.082412170814354,-0.5123178472272215,-0.046056097371744154,1804.9638430394468,27.315569719685406
2018-05-30,12.04575185439154,-0.5075890090091123,-0.04621176747681948,1804.3048509959085,27.339900390547143
2018-05-31,12.008635302002528,-0.50280477279378,-0.046366802499659215,1801.5070367699832,27.830752419871473
2018-06-01,11.970394682154282,-0.49788111698989135,-0.04652226486313874,1803.0400908952488,27.30388035134115
2018-06-04,11.932291788796432,-0.4929768220270837,-0.04667624100486129,1802.587997657003,28.9057734224492
2018-06-05,11.89178910882408,-0.4877671357385647,-0.0468373127126,1802.5897227733558,28.605526299867677
2018-06-06,11.851290160141938,-0.48256111254274203,-0.046995996052209076,1799.3219949809898,28.684582662730307
2018-06-07,11.81033834939698,-0.4773029781936843,-0.047151510683157316,1796.3960060819004,28.92869902619941
2018-06-08,11.768613964851081,-0.47195149266616276,-0.04730531102204712,1789.446748732805,26.738613574616043
2018-06-09,11.729289255653045,-0.4669165895363367,-0.04744297468285104,1789.4793771351676,27.49574145149074
2018-06-11,11.688484672575289,-0.4616949512481989,-0.04758389875401464,1792.734229696264,26.719285121525903
2018-06-13,11.648343698699819,-0.4565583087986886,-0.047722864322409096,1785.3232946157875,27.188728610000858
2018-06-14,11.607262496804054,-0.4513104411559693,-0.04785747830912024,1786.5737288537905,26.13417311614461
2018-06-15,11.567344572068642,-0.44621282922605093,-0.04798716152934236,1771.9894431182736,26.272196975535444
2018-06-18,11.527007965436024,-0.4410763070685757,-0.04810573890586645,1757.3938440069448,26.46908987301635
2018-06-19,11.486148790533514,-0.4358877700164384,-0.04821341827529981,1752.0816618828271,26.787469347336888
2018-06-20,11.44461936469415,-0.43062087110922,-0.048317248970892665,1762.2447338429347,28.033862531666777
2018-06-21,11.401246264799473,-0.4251137159460911,-0.048431608566632936,1764.2423562270762,27.303371448527013
2018-06-22,11.35873695648657,-0.41971716131081493,-0.048543147542323604,1766.4073079195919,27.359074541510388
2018-06-25,11.316055764377412,-0.41429956504870785,-0.048654696593974325,1767.7474396832542,26.52542720699762
2018-06-26,11.274436700004175,-0.4090182608369988,-0.04876241460304582,1763.7949620613747,26.490326142703147
2018-06-27,11.232907150402085,-0.4037541007418116,-0.048864975897148416,1764.9639761901683,27.68532561580073
2018-06-28,11.189405950304678,-0.3982414978714201,-0.04897147788101157,1768.3377799810812,27.252837408929587
2018-06-29,11.146279918140301,-0.39277625258980736,-0.0490775478468896,1773.0583300464411,29.490945734417128
2018-07-02,11.099906879530096,-0.38689821659521134,-0.049193036044659515,1772.3731073251358,30.85901554330741
2018-07-03,11.051359631262674,-0.38074849956878815,-0.0493108808994942,1774.8956903480585,29.678043195239525
2018-07-04,11.004284346927083,-0.37478635825666445,-0.04942448022675016,1776.2677493005374,29.71355252648693
2018-07-05,10.9569430548372,-0.36879259132790054,-0.04953724390938551,1782.4648988566205,31.663742803878847
2018-07-06,10.906788732805921,-0.3624404485727038,-0.04965895612403929,1785.9120285585539,31.326737403353743
2018-07-09,10.857104218198836,-0.35614846837280534,-0.04977917985111569,1795.3169910265835,32.18668412662844
2018-07-10,10.806439831872071,-0.3497275463382497,-0.04990617474710735,1799.8173749940536,31.411666142394836
2018-07-11,10.757080218893787,-0.3434718751364706,-0.05003010066206694,1803.724129772401,29.51814312617651
2018-07-12,10.71043450058724,-0.33756052887889826,-0.05014705608945605,1809.628541630594,28.316941658516924
2018-07-13,10.665664682716473,-0.33188546027029786,-0.05026069635127581,1812.4785494218404,29.459739026896827
2018-07-16,10.619426298970286,-0.32602525234592905,-0.05037732265108834,1813.9715785366902,28.67787056966766
2018-07-17,10.574455886806998,-0.32032795010990445,-0.05048892303617309,1808.9290493772596,27.75072636461642
2018-07-18,10.53088865224552,-0.3148156779260783,-0.05059078297826222,1810.3004169532326,26.76238587306714
2018-07-19,10.4889006878134,-0.3095051409259185,-0.05068734706564803,1810.6104013197937,25.34170787629122
2018-07-20,10.449083503988183,-0.30447166232208867,-0.050776802230164335,1814.4346039544853,23.885423872592003
2018-07-23,10.411523904065108,-0.2997233793331717,-0.05086142732715389,1817.2230858700527,24.434364585312075
2018-07-24,10.37339483430636,-0.29490350713086705,-0.050947046085292505,1819.0527469345693,25.2465055694149
2018-07-25,10.334308955132363,-0.28996385111606116,-0.051033870538111564,1819.6474906329606,25.455068179492237
2018-07-26,10.295223111338718,-0.2850262692491509,-0.05111888927830791,1821.1982141767721,25.909963130318904
2018-07-27,10.25559472718746,-0.2800216548005029,-0.051203902324666185,1820.3329760173392,25.950583228799395
2018-07-30,10.216045737670953,-0.27503034666505305,-0.051285959226500887,1825.4200307414023,25.763931661667105
2018-07-31,10.177024379223486,-0.2701044942694527,-0.05136795259163789,1832.252460040649,26.680686784205786
2018-08-01,10.13703180203372,-0.2650535808770216,-0.051454198566384626,1829.5062466619881,26.54671194614089
2018-08-02,10.097312801194933,-0.26004202427872825,-0.051535742422849945,1822.1331579697953,25.9595101467357
2018-08-03,10.058451087247759,-0.2551466411326053,-0.051608591256869646,1822.432579083485,26.094650983230117
2018-08-06,10.01961833789511,-0.25025720584652805,-0.051679413749173404,1820.7076529021242,26.317917999306317
2018-08-07,9.980640677146688,-0.24535333258855552,-0.051747227580476514,1823.7416034689763,26.78276328192195
2018-08-08,9.941260918935983,-0.2403991889927725,-0.051815520542982975,1806.1420929077835,26.956235005208672
2018-08-09,9.901652945662132,-0.2354321134102841,-0.05187043461158414,1797.9247390865048,28.458102265919006
2018-08-10,9.860179205183321,-0.23024017311469924,-0.05192001105475128,1790.7726363696136,27.04292849884893
2018-08-13,9.820619781885126,-0.2252958629929583,-0.05196036676541192,1782.3789371755213,28.233674238876105
2018-08-14,9.77953483335428,-0.22016998392405923,-0.05199440309538972,1789.23960563598,27.58939567451375
2018-08-15,9.739551141392118,-0.21517883168110533,-0.05202991155648191,1781.2454938492037,27.277795667615614
2018-08-16,9.700095126745794,-0.21026207738747169,-0.052057504305323216,1783.4263373655924,26.78348147196221
2018-08-17,9.661514362372275,-0.20545516183807358,-0.05208383361674912,1773.4375251457132,27.160949738824858
2018-08-20,9.622537304626125,-0.2006087421662626,-0.05210181484165843,1777.242134567842,27.866088463662454
2018-08-21,9.582867695662577,-0.19567567498407848,-0.05212064433422392,1791.4281264995575,27.929218376072342
2018-08-22,9.543459251840886,-0.19076668385713502,-0.05214676127339361,1794.2219865863606,28.025406954817544
2018-08-23,9.5040510578415,-0.18585806344770245,-0.05217268201264514,1792.1068488691951,26.11078415475432
2018-08-24,9.467021919947584,-0.18124962888863555,-0.05219380627007696,1797.3659026960352,26.83894785031682
2018-08-27,9.429154431764575,-0.17653523378166075,-0.05221697087938242,1799.9263549004318,28.501368608936573
2018-08-28,9.389267788756026,-0.17156993259539216,-0.05224110029079274,1800.8618272167553,28.62063957343286
2018-08-29,9.34928925835336,-0.1665950809765932,-0.0522637611420676,1801.8163446571,30.33736800999698
2018-08-30,9.307258766846633,-0.16136687442308195,-0.052285983870172234,1798.8305536500554,29.579742531627986
2018-08-31,9.26600118631419,-0.15624004316806217,-0.05230344366123608,1806.3855301256726,29.864304207352465
2018-09-03,9.224461221006024,-0.15107489140804348,-0.05232403776203544,1811.076223880678,29.54065483632402
2018-09-04,9.183296574887079,-0.14595557610901144,-0.05234538773231576,1801.6862045764549,29.677409643553453
2018-09-05,9.141816291359996,-0.14080736114004616,-0.052358005965778776,1799.0693219564193,29.029491619346935
2018-09-06,9.101118892833998,-0.13576114289015737,-0.05236630277324015,1780.5754396188274,30.33146186138498
2018-09-07,9.058646492454175,-0.1305126867153383,-0.05235943494375258,1777.1363761754744,30.64951182850266
2018-09-10,9.015736599021388,-0.1252158404843759,-0.05234769474133633,1776.421781041291,31.491857673057066
2018-09-11,8.971705770016614,-0.11978412600580807,-0.052332803182493524,1806.9109617442057,29.23658384062535
2018-09-12,8.93081442957856,-0.11471882220338972,-0.052337471511577506,1822.2707456144399,28.445786973920704
2018-09-13,8.891012002579167,-0.10977957973043215,-0.05234996622855755,1828.295087878363,28.93542271316507
2018-09-14,8.850698063735795,-0.10477510609940706,-0.05236431620138527,1828.6585341666412,29.070570360782042
2018-09-17,8.810236506712549,-0.09975497774178885,-0.05237653414811023,1825.3401840643612,30.044252612383282
2018-09-18,8.76862137636163,-0.0945973660557818,-0.05238427278746499,1837.430832479967,30.757575062417743
2018-09-19,8.726329745953953,-0.08934938552551544,-0.05239801782663282,1852.6546920548888,29.782414948201485
2018-09-20,8.685457783707191,-0.08426897067225857,-0.05241898845000646,1854.3603078090953,29.472680680736897
2018-09-21,8.645099956429739,-0.07925426733021475,-0.05243820713414606,1860.6782608099502,30.42555777179974
2018-09-24,8.603618079320707,-0.07409826277968606,-0.05245960067691484,1869.417411510735,29.987555750656703
2018-09-25,8.562931064119786,-0.06903750602220901,-0.0524837717451511,1871.1829982425866,30.62431639746668
2018-09-26,8.52160372013622,-0.06389904218149042,-0.0525067350798358,1874.0043941766655,29.52424271483194
2018-09-27,8.481695777800606,-0.05893821193148108,-0.05252801779240265,1885.7161012364113,31.22707062730672
2018-09-28,8.440106232336765,-0.053762278881939574,-0.05255558689185589,1888.661986445796,31.064214653797826
2018-10-01,8.398828455877219,-0.048626360424685953,-0.05258200246291435,1896.5946348232992,30.35046891980322
2018-10-02,8.358570047115736,-0.04361461515225317,-0.05261021460831709,1901.4819548189967,28.831093757773175
2018-10-03,8.32021872883097,-0.03883998639393376,-0.05263746804075935,1901.186749947849,31.17648753171722
2018-10-04,8.279170709651869,-0.03373332625394479,-0.052663537198499366,1889.1656108666177,30.48247256995198
2018-10-05,8.238730857294758,-0.028715336884795262,-0.05267798790161818,1891.0877152593312,29.602660956628334
2018-10-08,8.199334847136095,-0.023828891689252958,-0.052690461960653266,1885.0123140585902,30.199679954118118
2018-10-09,8.159224101682915,-0.018861781043641848,-0.05269627955690412,1889.9438063163157,29.307019173404015
2018-10-10,8.120198610769327,-0.01402880944386554,-0.052702338922186405,1891.8355336938514,27.79599267169943
2018-10-11,8.082968916993266,-0.009420091513530862,-0.05270665017711487,1893.5943810570136,24.972381819121402
2018-10-12,8.049170670761963,-0.005237789206049665,-0.052709262127716885,1903.051288591161,26.271951492120248
2018-10-15,8.0139827273257,-0.0008798035283142173,-0.05271535604242246,1916.7743870566967,24.639081997986544
2018-10-16,7.980939883536399,0.0032184867614313364,-0.05272644582393867,1925.3351705372515,25.55008795302276
2018-10-17,7.946974888139645,0.007434104400263121,-0.05274054073515691,1925.9235761679333,25.208498916559986
2018-10-18,7.9135181166731465,0.011584414064673199,-0.05275255336549886,1925.4636795447109,23.534919161001298
2018-10-19,7.882140270078236,0.015474123298927547,-0.05276152537607203,1930.9019991881312,21.43495635645374
2018-10-22,7.853436377693428,0.01903323423674702,-0.0527705795621267,1942.2267896320536,18.861505377409937
2018-10-23,7.82807261375667,0.022181962653364376,-0.05278195918080264,1940.9070706189773,18.788788752504495
2018-10-24,7.802940601140684,0.02529987141417777,-0.05279145313768697,1942.6606178900424,20.27268059501315
2018-10-25,7.77613977245749,0.02862414835258621,-0.05280103285059988,1942.5758836834032,20.02568443189825
2018-10-26,7.749735625477461,0.0318974649602596,-0.052808982819812,1945.5215895377366,17.87173230726664
2018-10-29,7.7260790022416534,0.03483004493805789,-0.0528160345680542,1952.3077443989682,18.68313316112584
2018-10-30,7.701595378615503,0.03786696883660117,-0.05282498250573005,1952.9857273216373,17.767373710110903
2018-10-31,7.678356537610678,0.04074848021196042,-0.052832608487168184,1954.5992559722438,20.367896018139575
2018-11-01,7.652146396654728,0.04399774562027004,-0.05284066136650479,1956.4758780428967,20.590804439668652
2018-11-02,7.625865827667995,0.047255184427998205,-0.0528482520183243,1960.4618379773754,21.29539856044076
2018-11-06,7.598959195452426,0.050590713793420554,-0.052856475253351236,1962.4255358680205,22.924918979562015
2018-11-07,7.570397845020264,0.05413075985806206,-0.05286467144973479,1958.3038362656798,24.87030636997869
2018-11-08,7.539853998438233,0.057912118875925817,-0.05286954353858378,1950.2668637585334,25.040323727816283
2018-11-09,7.509267732051468,0.061691741472358286,-0.05286826106164915,1940.1896355790825,23.8780970646018
2018-11-12,7.480079601351097,0.06529070323036681,-0.052860080637069116,1939.2840286050368,23.437823685987457
2018-11-13,7.451535437264426,0.06880784428367068,-0.052849966870395844,1937.2442115080119,22.593733195427745
2018-11-14,7.424084585980262,0.07218738739351918,-0.05283770319054689,1974.2380017704377,20.481421078256613
2018-11-15,7.399496703774613,0.07523192327723724,-0.05284204156336831,1984.1286362986282,20.0249800558582
2018-11-16,7.375715761555678,0.07818033840559485,-0.05284952895009893,1985.5777886963954,19.495192457694888
2018-11-19,7.352732284542965,0.08102950275343242,-0.05285638965999759,1985.7856319119555,19.538582707664954
2018-11-20,7.329944141227114,0.08385363109981314,-0.05286240438387226,1979.574180474107,18.288065337323612
2018-11-21,7.308704041132113,0.08648230652451494,-0.05286475874448621,1984.626790166844,18.81175905127077
2018-11-22,7.287221476622328,0.08914274856267931,-0.05286858640694653,1989.6074196830111,19.095354015995735
2018-11-23,7.265785391924585,0.09179929210178198,-0.05287391572139838,1980.877453213841,18.27940169638904
2018-11-26,7.245421919458384,0.09431846235146293,-0.052874944945384375,1975.1374707613725,16.8779406078567
2018-11-27,7.226740833701584,0.09662670548836265,-0.05287330723909169,1986.9931523000857,17.700959225389234
2018-11-28,7.2075892639833725,0.09899804166628527,-0.05287586044053684,1989.3283828518229,19.694667834906166
2018-11-29,7.186827296919458,0.10156976036443718,-0.05287932302356761,2000.2848481238987,19.910921799445227
2018-11-30,7.166276217417093,0.1041205089237489,-0.05288711091386301,2004.7619293881032,19.340853640922973
2018-12-03,7.1466485326260925,0.10655875768826246,-0.05289621370299708,2011.367806029718,21.369646699213973
2018-12-04,7.125546755240165,0.10918349681577337,-0.05290878034735898,2005.4827686729443,21.835003429963074
2018-12-05,7.104277843130166,0.11182554706412935,-0.052918235897225246,2003.7426111442628,22.04910882258664
2018-12-06,7.083128627712856,0.11445156079991521,-0.05292643406372456,2004.9822740075967,20.31577691598383
2018-12-07,7.063843627591335,0.11684670551517677,-0.052934239615182024,2011.3115425764686,20.8808256967264
2018-12-10,7.0444639679713426,0.11925696946817926,-0.05294482842358076,2010.306919730076,19.227565526254264
2018-12-11,7.026764124294193,0.12145783412235525,-0.05295390990139267,2008.8927010291138,19.18307029407149
2018-12-12,7.009414263761818,0.12361482029021516,-0.052962286005192434,2009.7462988736324,17.942747367091492
2018-12-13,6.993361262753152,0.12561107321792384,-0.052970309264961504,2005.0609369440508,18.62482362382034
2018-12-14,6.976987307994149,0.12764532013745508,-0.052976629684974484,2005.789673029776,17.943074082467938
2018-12-17,6.9614146785515665,0.12958047643664442,-0.052982887332992834,2003.269582379175,17.763980482256848
2018-12-18,6.946197217942975,0.1314705214287562,-0.05298799411287867,2003.7726690661111,17.293245700141657
2018-12-19,6.931597705920382,0.13328428713728846,-0.05299313852216909,2004.1869254523524,17.68263578845868
2018-12-20,6.916942751641568,0.13510543027274083,-0.05299855691466516,2007.4522692074486,17.2072699356846
2018-12-21,6.902969319386808,0.13684389576038475,-0.05300526116607403,2009.8664559342637,16.782385867967765
2018-12-24,6.889564156914264,0.13851307082697664,-0.0530127520138614,2009.6714616638758,15.554708533170558
2018-12-25,6.877349180134576,0.14003472480189635,-0.05301994357710479,2008.2060417997322,14.07494810377905
2018-12-26,6.866474928872844,0.14138963349411623,-0.05302636442260732,2006.7991656765603,15.051373325721308
2018-12-27,6.855131350790251,0.14280322091409464,-0.05303303206076671,2009.8511429908779,15.82002020985318
2018-12-28,6.843493685568256,0.14425529861629663,-0.05304129241511423,2011.5485278047222,17.247979225930933
2018-12-29,6.831188105321776,0.14579243996981547,-0.053051272091219376,2013.3656957962419,17.68006204471373
2019-01-03,6.818892152840971,0.14733013664976027,-0.0530625204121498,2014.1498728546487,17.945542782924527
2019-01-04,6.806704099654095,0.14885564107685129,-0.05307454900494885,2015.778792483105,19.383139110992985
2019-01-08,6.793958908662671,0.15045294685455693,-0.05308861319971594,2022.9338729385834,18.12991180619534
2019-01-09,6.782306692883255,0.15191763730476002,-0.053104997929637444,2034.487268760384,18.66036406661482
2019-01-10,6.770688384266133,0.15338457740521044,-0.05312675357911889,2036.3699595482742,19.533780617150963
2019-01-11,6.7588493312836375,0.15488153330287927,-0.053150518858733446,2040.4681854098917,19.79848632185146
2019-01-14,6.747153214241879,0.15636368330410924,-0.053176571588972724,2040.2500943138637,19.600533620885475
2019-01-15,6.735807327374669,0.15780256343401025,-0.05320254565150606,2046.6704059452445,19.19603629942097
2019-01-16,6.7249392159644765,0.15918500865927074,-0.053230812697561476,2049.554655785403,18.786780978380136
2019-01-17,6.714550696486445,0.1605092479932705,-0.05325998986252965,2044.972446276728,19.690610230783644
2019-01-18,6.703884768386349,0.1618677851385258,-0.05328876958684401,2048.0815222834294,20.776930658606997
2019-01-21,6.692927030613324,0.16326633637938665,-0.05332055622554143,2048.0144994235143,20.519166280061786
2019-01-22,6.682293705869294,0.16462456111885976,-0.05335209963526959,2045.5288298501498,20.689083623468306
2019-01-23,6.6717926625770865,0.16596603577792687,-0.05338308905673319,2043.1579140760987,21.94309518785451
2019-01-24,6.660913361121686,0.1673558377731718,-0.05341492394104975,2048.421768019589,21.201113889757206
2019-01-25,6.650632460027621,0.16867336443784964,-0.053448348139160565,2044.952241824856,22.165689198230474
2019-01-28,6.640109761096753,0.17002129522068488,-0.05348177379172674,2043.6316924512082,21.196495882740084
2019-01-29,6.630205572700941,0.17129066301543447,-0.05351353027735566,2045.4678812225632,22.14075923337169
2019-01-30,6.620147550265654,0.17258237006663285,-0.05354774083320214,2047.3024157536754,22.69120481037028
2019-01-31,6.610115888357295,0.1738734487961115,-0.05358392105693419,2063.73918628478,22.161754583852144
2019-02-01,6.600629350099233,0.17510491491592856,-0.05362700874582413,2063.4142418341016,22.210070516841206
2019-02-04,6.591339595114455,0.17631249448387132,-0.053670320293877166,2062.4479411091033,22.355573185665477
2019-02-05,6.582123315947421,0.17751091376504693,-0.0537134301222289,2066.81011607014,23.246445340775335
2019-02-06,6.572793511940583,0.17872811649572756,-0.053760286767338836,2063.3581081902257,23.08721350495968
2019-02-07,6.563673533979855,0.17991745732663889,-0.053805388032592764,2060.2809078468904,21.822708274425363
2019-02-08,6.555089809289064,0.18103583890978298,-0.05384678585368289,2062.4175070840656,21.35370221612376
2019-02-11,6.546843472574421,0.18211270119252423,-0.053888429366072174,2059.9192466797354,21.860116800504592
2019-02-12,6.5385759549527975,0.18319255063926657,-0.05393008664884028,2058.539136106357,23.063970733715156
2019-02-13,6.530068978227993,0.18430455977385513,-0.05397341279525146,2053.0024765145185,21.07924994908896
2019-02-14,6.52230932291707,0.18531689132415266,-0.05401100658568536,2038.022201356986,20.7454952336388
2019-02-15,6.514575038802716,0.18631776750891796,-0.05404139692637102,2047.455671679682,21.62216913624968
2019-02-18,6.506653513127893,0.18734793071153985,-0.05407685061877227,2051.2795456668396,20.53013472604277
2019-02-19,6.4991724533794635,0.18832288715741893,-0.0541120575634355,2045.3429973166096,20.20233296936005
2019-02-20,6.491755930091085,0.18928588862064086,-0.05414391128152466,2048.189229593907,21.464362962852725
2019-02-21,6.483960540261485,0.19029938667830745,-0.05417849899509171,2051.2519939471804,20.425477088584778
2019-02-22,6.476526916327885,0.1912668987458349,-0.05421241305546578,2051.2711417421037,21.32135773559687
2019-02-25,6.468741302686783,0.19227907121906956,-0.05424705358253476,2060.0404395523715,21.096166468560252
2019-02-26,6.461082504972799,0.19327874372084428,-0.05428462311208411,2053.0543171825525,21.47852003363426
2019-02-27,6.453228170846885,0.1942994426757996,-0.05431930338086852,2049.709785240501,21.512324229245074
2019-02-28,6.445284701410701,0.19532879015040927,-0.05435194586285468,2055.310166907802,20.919462182151772
2019-03-01,6.437540758483374,0.19633423308539755,-0.05438554932828055,2057.5886618740574,20.432720393347314
2019-03-04,6.429928941067461,0.19732262501087244,-0.05441877262939189,2057.667772554598,20.223003586666756
2019-03-05,6.422331521363915,0.19830802801991812,-0.05445108120641596,2058.5578707344407,19.80377307149068
2019-03-06,6.414869658974309,0.19927565671649325,-0.0544826886635035,2054.721313607092,21.38093781787265
2019-03-07,6.406848316776293,0.20031343625184792,-0.05451458411267764,2059.035655227023,20.28154994367657
2019-03-11,6.3992203519863,0.20130184904750872,-0.054546281037325575,2058.976082144006,19.765354313014825
2019-03-12,6.391731570821942,0.20227129375496827,-0.05457667319345745,2064.452162739208,19.559563769451316
2019-03-13,6.384332205006014,0.20323113943747084,-0.05460846793876015,2065.549703089427,19.61029048609808
2019-03-14,6.376881644548285,0.20419721600204635,-0.054640215154216513,2067.9669651369895,18.850544589680474
2019-03-15,6.369652330642676,0.20513458091219866,-0.05467111934973781,2069.0090139052327,19.706100038935958
2019-03-18,6.362094724769313,0.20611414950721677,-0.054703189340834034,2078.115892139173,19.516914787814187
2019-03-19,6.354631668338158,0.2070849655430347,-0.05473797549930666,2080.5036211309593,19.840214392160306
2019-03-20,6.3470185794586715,0.2080753231639221,-0.054773591358646054,2082.5976457210045,20.245502300710825
2019-03-21,6.339263029389161,0.20908457178644138,-0.054810228460073565,2091.8369016782194,19.885541649449713
2019-03-22,6.33166171172774,0.2100773072905248,-0.05484930643320454,2085.2432685353324,19.540009437405526
2019-03-25,6.3240550703606795,0.21106600688456872,-0.05488445410010042,2098.1502404065495,19.037710069611258
2019-03-26,6.316661289749207,0.2120319210049203,-0.0549229677910502,2094.953386294898,19.93727480704468
2019-03-27,6.308850390690315,0.2130492708221652,-0.05496114013785605,2092.0951560947838,18.898989501188023
2019-03-28,6.301287903686545,0.21403109998474656,-0.0549955370674823,2089.264675548654,19.29556025951955
2019-03-29,6.293446493108339,0.2150459198881087,-0.05502860341983099,2084.2096655487676,19.810403016364454
2019-04-01,6.285252666351756,0.21610192726849836,-0.05505952751162827,2086.845835242865,20.816303601390818
2019-04-02,6.276625394976614,0.2172137399306684,-0.05509217477022336,2087.5844012673533,21.085882729599525
2019-04-03,6.267780510605386,0.21835202477041948,-0.055124486842568404,2090.338693764791,21.144004440695753
2019-04-04,6.258854047089607,0.21950072535834547,-0.05515716856092916,2091.780399574716,21.212532659522854
2019-04-05,6.249851836264995,0.22065864731588408,-0.05518978156347465,2096.738163315727,21.187759371048244
2019-04-08,6.240837193094276,0.22181940835901673,-0.05522363112436051,2101.827199090162,21.802115849875857
2019-04-09,6.231550994738214,0.22301630770141403,-0.05525965465456652,2105.6266616505072,22.067223350281463
2019-04-10,6.222137801538001,0.22423029278833898,-0.05529689897186033,2110.400026151993,22.184418501058524
2019-04-11,6.212691236303587,0.2254501301556921,-0.05533568471611113,2113.811931000726,20.703737290009805
2019-04-12,6.203843948417844,0.2265936360490718,-0.055372948887049786,2116.2859858329916,20.95340691832197
2019-04-15,6.1948838038421705,0.2277519455718301,-0.05541094876821306,2113.1279921387645,20.443248561768492
2019-04-16,6.186034746290789,0.22889299721563436,-0.055446066132216844,2118.113569814338,20.854709420722006
2019-04-17,6.177011370427017,0.23005779630034337,-0.05548307651921239,2118.3433993038807,21.23907770779605
2019-04-18,6.1677922302696615,0.23124681698141708,-0.05552006286467438,2119.7904985745126,20.80439089249864
2019-04-19,6.1587096145207605,0.23241778017158696,-0.05555619679893983,2121.0829477926513,20.8769323551526
2019-04-22,6.149577816787091,0.2335947563587695,-0.055592304266584965,2122.7253278572107,21.765165096002814
2019-04-23,6.140035900718006,0.23482395996511188,-0.05562960513319762,2121.963942397024,21.937981522773555
2019-04-24,6.130355109512105,0.23606925914616372,-0.055665995367115376,2122.658611540719,21.500932179009812
2019-04-25,6.120764168307049,0.23730164634432152,-0.05570101626891465,2122.152773688417,20.676514516386458
2019-04-26,6.1114172176049,0.23850081542057788,-0.055733660427291644,2127.4021815170754,20.50941858919131
2019-04-29,6.102114444094729,0.23969547206581687,-0.05576727076208772,2136.257346021836,20.295899966620045
2019-04-30,6.092905637316778,0.24088090810279542,-0.055803134255094984,2140.3650589352287,19.57399460039726
2019-05-02,6.083964328915911,0.24203244290285034,-0.05583852871035713,2140.5507710829434,20.306419954577827
2019-05-03,6.074684273314551,0.24322666933365356,-0.055874515857348366,2142.113663497108,20.48613684609384
2019-05-06,6.065292248398632,0.24443483729870288,-0.05591061678992618,2140.879529543294,20.49954069813207
2019-05-07,6.05587641069902,0.24564475401867208,-0.05594569293782932,2139.900419757716,19.870063873833253
2019-05-08,6.0466837447234845,0.24682453960419135,-0.05597873325943789,2146.2089851163096,18.554624346711023
2019-05-10,6.038059415139185,0.2479331114809328,-0.05601130795148042,2141.3633853362085,17.442467598984756
2019-05-13,6.029864346007543,0.24898383479576086,-0.05603996605548654,2145.0705556939733,16.95978919389578
2019-05-14,6.021878272324683,0.2500084482920664,-0.056068545814558515,2147.7032586578634,19.305587942407087
2019-05-15,6.012857220223251,0.2511659855060087,-0.0561010260887736,2153.9658339660073,18.594731620999028
2019-05-16,6.004157699835205,0.2522840448605899,-0.056133962449317974,2157.7274687679437,19.621687046224
2019-05-17,5.995022001820916,0.2534589705362095,-0.05616931112645974,2160.220592966632,19.315592509019908
2019-05-20,5.98602047559806,0.2546169646621621,-0.05620446389905976,2164.9157611122846,18.787531884323517
2019-05-21,5.977286542441779,0.25574206681476364,-0.056239921320275874,2170.932127673979,20.525647331197415
2019-05-22,5.967861873168596,0.2569583196804615,-0.056280103789853674,2184.126874182013,20.81303660476386
2019-05-23,5.958454319087885,0.25817833600830714,-0.05632541391178141,2176.339540078017,20.3217582448614
2019-05-24,5.949218011780244,0.25937221659080695,-0.05636644568198991,2179.2316320276386,20.19098665353718
2019-05-27,5.940127132172522,0.26054886434236435,-0.05640812833489908,2179.6951967556433,20.794412169141886
2019-05-28,5.930856948508137,0.26174911825423613,-0.05645091526763752,2181.883475514669,19.611337144592355
2019-05-29,5.922105394093597,0.2628828232675633,-0.056491826210087616,2181.0410016669803,21.09584358943075
2019-05-30,5.9126935219572605,0.26410033851121184,-0.056534400570139684,2189.166678311664,21.485496118143168
2019-05-31,5.903241265570685,0.2653269917059904,-0.056580531766935,2189.5639285548477,21.728804774344557
2019-06-03,5.893772215462501,0.2665563472957312,-0.056627118249713546,2187.3590832878485,24.80483981151398
2019-06-04,5.883177824577208,0.26793110102847517,-0.0566785166017331,2191.4582307410974,23.49265717397675
2019-06-05,5.873223302202452,0.26922550855201294,-0.056729042460921315,2200.1329622935064,22.80348716667988
2019-06-06,5.863743471266641,0.270463759640792,-0.05678185776321512,2206.6214565658197,23.639240064582467
2019-06-07,5.854114530280671,0.27172569799080654,-0.05683905418699729,2207.874681453421,23.630658158692498
2019-06-10,5.844627200835547,0.2729708489426509,-0.056896797224529574,2213.3372111137696,23.911981700244688
2019-06-11,5.835174029446632,0.2742149849303935,-0.05695725609995346,2214.7862306373936,24.244496463573984
2019-06-13,5.825725216790028,0.2754602242886427,-0.05701901355833034,2212.053135173238,24.6968237851112
2019-06-14,5.816240472038678,0.2767101616074054,-0.057080779398047427,2216.9844224791404,23.558829382157008
2019-06-17,5.807332740250485,0.2778881074262605,-0.05714213494626239,2218.4039779112873,23.255729219096423
2019-06-18,5.7986427708963575,0.27903890935097564,-0.057203298641082576,2224.9935433940345,24.121259057106382
2019-06-19,5.789821293797678,0.28021161670702666,-0.057269171704717174,2235.2613681997905,23.436124260587434
2019-06-20,5.781437588535418,0.2813329335571404,-0.05733754224624486,2244.3884951396813,23.87338493405402
2019-06-21,5.773106270248124,0.28245346845250285,-0.0574107565266052,2234.410273240509,23.57757360269641
2019-06-24,5.764857362899923,0.28355806973239783,-0.057478919558092444,2241.167591951053,23.2683361084554
2019-06-25,5.756851328884195,0.28463458597551555,-0.05754882282688872,2240.4729214399936,22.91869156936648
2019-06-26,5.749000086055229,0.28569014186066427,-0.0576171806144504,2237.0170183035675,24.055381666453112
2019-06-27,5.740833938729806,0.2867865819029445,-0.057686927145077824,2237.7582448848225,24.21627789122811
2019-06-28,5.732666905933285,0.28788355339906596,-0.05775698936266638,2239.695646509766,23.492225575835167
2019-07-01,5.724787608986312,0.2889431195850185,-0.05782559873837377,2245.613361209122,24.752998374198466
2019-07-02,5.716629336181374,0.29004365542532146,-0.05789958534397477,2247.1159267659486,25.04072293430277
2019-07-03,5.708498351681789,0.29114245217680057,-0.05797487292299835,2247.1237167339273,25.669538306705174
2019-07-04,5.700302891079637,0.2922514313518781,-0.05805186168046041,2251.3412922940506,26.270504153694564
2019-07-05,5.6920732084380585,0.2933686270495918,-0.05813214852914322,2247.6232165957385,26.148812624138817
2019-07-08,5.683939425215637,0.2944716724201549,-0.05821036996299945,2255.56231729706,25.137309590381296
2019-07-09,5.6762784016297205,0.29551674261496774,-0.05828919904484834,2254.339185375271,25.210084547686318
2019-07-10,5.668688461080397,0.29655272632982793,-0.058367669947903676,2259.529657403504,24.926441693343815
2019-07-11,5.6613459365927445,0.29755973873676783,-0.05844755759896619,2261.003715214027,23.381486780791505
2019-07-12,5.654517050506911,0.2984983305322323,-0.058523472017512894,2253.070161106905,23.279782758092637
2019-07-15,5.647734620250884,0.29942738395391083,-0.05859599501563329,2254.5637248361054,22.26046084372171
2019-07-16,5.641309665241067,0.30030923465496256,-0.058666105914305364,2251.806652404821,22.385285479854723
2019-07-17,5.6349215700009045,0.3011859357023565,-0.05873558727915037,2254.274427425228,20.356686257533884
2019-07-18,5.629174787873986,0.30197728335675744,-0.05880024554767025,2253.5343007908386,19.926730161221574
2019-07-19,5.623659208425556,0.30273868747339033,-0.058863732565380356,2258.297410341546,19.584337635651128
2019-07-22,5.61837782899758,0.30347202304593207,-0.05892802372232569,2263.1006364433706,18.60939618745796
2019-07-23,5.6134762505363724,0.3041567494278896,-0.058991083721476496,2266.219275973497,19.18793687074738
2019-07-24,5.6085867891021906,0.30484388515514604,-0.05905730823572116,2272.17939636381,18.07650418331781
2019-07-25,5.604114430079215,0.3054775063900415,-0.05912208627165261,2278.215555292107,18.558579486728235
2019-07-26,5.599686353603592,0.3061101280713531,-0.059190574328209206,2266.680235520882,19.80869455880432
2019-07-29,5.5950091415948595,0.30677496725986686,-0.0592598024129418,2267.319845002527,20.330177765323576
2019-07-30,5.590343531168798,0.3074411392000592,-0.059331205823352565,2265.5468205617594,20.707282461808283
2019-07-31,5.585683205288825,0.3081077647124011,-0.059403382870472726,2267.64916269488,20.807929421691096
2019-08-01,5.581133192881324,0.3087623548826451,-0.05947685249389246,2263.415706392775,20.588542011573296
2019-08-02,5.576670517215262,0.3094037750874974,-0.05954824240453689,2244.3332310233604,19.184618532797472
2019-08-05,5.572410953676254,0.31000778000952944,-0.05960919140131812,2257.2445771733965,17.36255905938975
2019-08-06,5.568704105414683,0.31054118878489406,-0.0596687295289886,2260.4356982214194,18.709415273849306
2019-08-07,5.564867401243043,0.3110976007599929,-0.05973383271913473,2263.4507019706834,18.18150038218269
2019-08-08,5.561274966520739,0.31162327822778657,-0.0597985561507742,2259.5613601560335,19.345729996630002
2019-08-09,5.55757654472074,0.31216612760766105,-0.059866330435259726,2258.5078033658597,18.649578983363348
2019-08-12,5.5541166512186075,0.31267688578890346,-0.05993196271461561,2253.2114737202683,19.382047862496776
2019-08-13,5.550628344526341,0.3131929587232027,-0.059998791473514584,2252.290841366468,18.995289186274334
2019-08-14,5.547311574636197,0.3136864783940904,-0.06006448461243087,2250.0828512015314,17.19746224419405
2019-08-15,5.544368152093274,0.3141262728544084,-0.060124114419177394,2249.985800401396,16.693180887257085
2019-08-16,5.54163369939481,0.31453886575731976,-0.060182628893518456,2250.1183036044213,16.225000072696673
2019-08-19,5.5390823379077565,0.31492751231205873,-0.060240083987699755,2248.0023695829045,17.79747369622782
2019-08-20,5.536375672482625,0.3153415940732627,-0.060302329867296244,2253.9820264736354,18.58302189665948
2019-08-21,5.533705245670834,0.31575691732127786,-0.060369230663482945,2261.7325413234557,18.225738505550027
2019-08-22,5.5312155070144735,0.316151224278993,-0.060437394566868,2264.313353730247,18.143100449987216
2019-08-23,5.528810281392286,0.3165356516903955,-0.06050605878750073,2263.666293441162,17.54117679400604
2019-08-26,5.526557740666661,0.31689865095690506,-0.06057265521446956,2262.984789283124,17.46610107980824
2019-08-27,5.524393090735093,0.31725056825758524,-0.06063902598762085,2262.9911569121023,17.514820677811983
2019-08-28,5.522350513505539,0.3175883062156141,-0.060706074421568314,2265.528785404357,18.17594273127485
2019-08-29,5.520311750686731,0.31792946710227266,-0.06077623971604885,2268.145378242661,19.668255220173613
2019-08-30,5.5181970928333275,0.3182876950799763,-0.060852513707199074,2281.22439712363,20.11269051194111
2019-09-02,5.516154842131534,0.31864329999425983,-0.0609342046798586,2283.2107254410566,21.45221503653927
2019-09-03,5.514017164108637,0.319017311770176,-0.06102117151489404,2285.3219308451376,21.392087589780818
2019-09-04,5.511908127957934,0.3193878514874364,-0.061108236536493936,2297.1451860457605,21.601369254696934
2019-09-05,5.509898365388947,0.31975117567559963,-0.061199693143466335,2298.095398329666,22.14723557778615
2019-09-06,5.507840471625329,0.32012283404005654,-0.06129305246224574,2297.305130445845,21.77529066228443
2019-09-09,5.505822804294741,0.32048704222516833,-0.06138437828104514,2298.1057589729626,21.25769186729518
2019-09-10,5.503856447284133,0.32084222674356677,-0.06147356827356255,2297.672192426405,21.319307827645417
2019-09-11,5.501867012981295,0.32119979255958003,-0.06156234303745531,2298.9236068399473,22.537782100217708
2019-09-12,5.49974994695727,0.3215785847396027,-0.06165547245482008,2305.0174213280284,21.473702284939545
2019-09-13,5.497808532487554,0.3219326334475379,-0.061746358624489975,2303.8271863801333,21.17835992666164
2019-09-16,5.495923397319728,0.3222777127917733,-0.0618355641618914,2303.632310753646,23.03699625886637
2019-09-17,5.493851963881818,0.3226538155216647,-0.06193110458987012,2300.148878725469,22.638148603800868
2019-09-18,5.491784590675721,0.32302569740657494,-0.06202353085198006,2300.4973163627756,22.5213339720985
2019-09-19,5.489766631424863,0.32339084313965927,-0.06211543124226114,2306.412418469885,21.17390530935921
2019-09-20,5.487955567947351,0.3237261282761445,-0.062204084810468296,2307.1885062291544,21.204227242377517
2019-09-23,5.486149228003743,0.3240607786477412,-0.062292695122264014,2307.291304498832,20.72424468331413
2019-09-24,5.484429690320254,0.32438236453085234,-0.06237941297537002,2302.8340868346077,19.61478318163501
2019-09-25,5.482820110383675,0.3246835938123003,-0.06246057602387168,2305.5740861369377,19.72245943416866
2019-09-26,5.48128298216708,0.3249773499137826,-0.0625429650848317,2305.2365408707738,20.27832939662877
2019-09-27,5.479777559761122,0.32526990906806336,-0.0626274648545876,2306.8475948725177,19.556229294480687
2019-09-30,5.478372367252373,0.3255470269590381,-0.06270955971781296,2303.8451643497056,19.243256556932376
2019-10-01,5.477018638960835,0.32581532861090867,-0.0627895803153424,2302.6928036755326,19.808860113532578
2019-10-02,5.475646009049072,0.3260881107915755,-0.06287123482624846,2304.147411658823,18.021528754630832
2019-10-03,5.47444181993668,0.32633191676957973,-0.06294644278679071,2303.9265236949873,17.515466407228054
2019-10-04,5.473320050021015,0.32656308493916025,-0.06301967405142735,2315.174947239927,16.300066360426335
2019-10-07,5.472404841880356,0.3267660023721977,-0.06309102185489102,2324.9605922005794,16.95768130961106
2019-10-08,5.471586614982604,0.3269632241060876,-0.06316759661789041,2323.0468593199753,16.56630985018872
2019-10-09,5.470835530934638,0.32714971730389314,-0.063242154696982,2326.6605254079423,16.60575190806213
2019-10-10,5.470189279017974,0.32732477135238075,-0.0633179775131942,2345.3848198245137,16.03682163354452
2019-10-11,5.4697495477149,0.32747640131476585,-0.06339589836033248,2345.0537455311446,15.480082499628756
2019-10-14,5.469374213512762,0.3276169137018607,-0.06347125192429254,2349.191418936625,14.825040575919557
2019-10-15,5.4690877341908894,0.3277437979596227,-0.06354454805257961,2349.422213082636,15.57139388911093
2019-10-16,5.4688093032494,0.32787385313012907,-0.06362116606619748,2346.401681419538,16.959940053388856
2019-10-17,5.468525612485097,0.32801155437644247,-0.06370328780584462,2349.2536689813487,17.000562190962864
2019-10-18,5.468307931248604,0.32814210398432364,-0.0637862537610883,2364.17876790501,16.442548142814918
2019-10-21,5.46823966553701,0.3282549598273864,-0.06387015903024203,2371.2204807531657,16.44425402073879
2019-10-22,5.468285060848354,0.32835577278900807,-0.06395579672184111,2377.0220738971243,17.888261567792174
2019-10-23,5.468433678594933,0.32845411254699847,-0.06404981179044626,2376.9452937298015,18.706139659297616
2019-10-24,5.468640821713642,0.32855004296424034,-0.06414767210295193,2374.330813395563,21.173089435060312
2019-10-25,5.468876717824416,0.32865580478087913,-0.0642562032809122,2388.3674982019616,20.308537198031452
2019-10-28,5.469256116131627,0.32874298933515717,-0.06436439216485833,2391.991315881076,19.436470401552185
2019-10-29,5.469669699208489,0.3288213944439891,-0.06446896146193112,2389.1950488758307,20.813911838556365
2019-10-30,5.4701265778453,0.3289016694514231,-0.06457924668047484,2386.2535925903076,21.996673322549555
2019-10-31,5.470636726054439,0.32898126029568764,-0.06469415994938227,2385.071712300291,21.33723212912917
2019-11-01,5.471163311759884,0.3290542816112812,-0.06480534100124992,2396.3555710605838,22.285692298286854
2019-11-05,5.471840218485262,0.32911772415809576,-0.06492404727217298,2399.274539714024,22.935076881679617
2019-11-06,5.472530865330209,0.32918346269013105,-0.06504603346440915,2400.79360832915,24.16061046057756
2019-11-07,5.473227868518909,0.32925521416257214,-0.0651735279806285,2405.435574534056,25.072566143567077
2019-11-08,5.473954495393214,0.32932933112082197,-0.06530600118773423,2403.658115020654,23.694379887900663
2019-11-11,5.474608839840672,0.3294027877330323,-0.06543063647782363,2395.4262523792763,23.629771405339905
2019-11-12,5.475176647366366,0.3294829587813469,-0.06555178575306643,2390.07863986954,23.475435107904485
2019-11-13,5.4756990267495205,0.32956542985557685,-0.06567006942869447,2381.849111874237,23.176988222036066
2019-11-14,5.476128148707857,0.3296542252324703,-0.06578389535814466,2390.8134930982715,22.236636543855926
2019-11-15,5.476601959386757,0.32973452849955476,-0.06589556879909991,2396.0766661457615,22.484394655069238
2019-11-18,5.477152023926569,0.3298081676314419,-0.06600957181873233,2397.0593891969543,22.002817835053246
2019-11-19,5.477695560333367,0.3298795781020666,-0.06612112722347628,2404.186123750908,22.35699935787425
2019-11-20,5.47831547677451,0.3299453636271443,-0.06623591793757198,2404.759000899635,22.110781117835444
2019-11-21,5.478960063850658,0.33000648335335486,-0.0663493804270084,2407.5177881264894,22.225472829835535
2019-11-22,5.479613394028142,0.3300673537800883,-0.06646356111363765,2411.937349430498,22.21212962666712
2019-11-25,5.4802822920078125,0.3301268845290069,-0.06657830668105841,2408.3030640204856,22.713791472170854
2019-11-26,5.480917492415209,0.3301915951081131,-0.06669374385742664,2412.3685789158267,21.483094482895602
2019-11-27,5.481560111450817,0.3302490656900917,-0.06680415755393998,2411.686399336896,21.452358018246297
2019-11-28,5.482195010144159,0.3303065485606263,-0.06691376400373714,2407.7362154148527,21.59014684652987
2019-11-29,5.482803329263303,0.33036637638065497,-0.06702247819999575,2408.7130400613714,21.864661799863462
2019-12-02,5.483420226496686,0.33042641603599976,-0.06713221442208109,2406.5651993338897,21.383788014908124
2019-12-03,5.4839951404629375,0.3304876531950898,-0.067238654236114,2406.986056203745,19.796290159975925
2019-12-04,5.4845628463142475,0.33054065239957503,-0.06733772375335666,2414.010471226791,20.15937936366512
2019-12-05,5.485209546764025,0.33058759480191297,-0.06743991951125197,2413.1589143271485,20.145009215375165
2019-12-06,5.4858534210864205,0.33063411365839485,-0.06754144417538686,2417.249217958393,21.160862448168636
2019-12-09,5.486558092414721,0.33067959853888296,-0.06764826441972886,2417.6889583677635,21.811781859162593
2019-12-10,5.487316260094901,0.33072200699660526,-0.067757905733605,2416.3254815871755,21.35782295660924
2019-12-11,5.48809229918818,0.3307590349593833,-0.0678649139514381,2415.7508470191337,22.297380280152712
2019-12-12,5.488880919251417,0.330798997776988,-0.06797549457993216,2429.8332872373094,22.75986240156729
2019-12-13,5.489797529433857,0.3308294891193206,-0.06809153785175552,2423.2317736601403,23.662541593112962
2019-12-16,5.490762958039325,0.33085693627003027,-0.06820975441860451,2427.60803332224,23.8321820794932
2019-12-17,5.491763684667964,0.3308817092828824,-0.06832942176248596,2430.409310044882,23.982819994396486
2019-12-18,5.492781580946432,0.3309054036109656,-0.06844997700825105,2435.254749218669,24.17263536680092
2019-12-19,5.493807778472794,0.33092977300436505,-0.06857201687182128,2429.384681532752,23.833414397835952
2019-12-20,5.494787984023885,0.33095558895911836,-0.06869043369413454,2430.7269342442355,24.07522858743969
2019-12-23,5.4957604019575745,0.3309833339347356,-0.06880964061877706,2435.0719844151185,24.58810332577057
2019-12-24,5.496787107351118,0.33100797788236946,-0.06893184387359295,2441.4817522293984,24.129127618204294
2019-12-25,5.497822796592647,0.3310301693944832,-0.06905311558650166,2444.4986270247587,23.98616086313321
2019-12-26,5.498853617099271,0.33105231374009053,-0.06917391789964836,2454.288129880718,23.525431390459595
2019-12-27,5.4999224880009505,0.3310693624579979,-0.06929463570247674,2435.9465103091597,25.227298181225155
2019-12-30,5.500826948662129,0.3311092932277096,-0.06941690722660603,2449.200580900995,24.361802938961663
2020-01-03,5.501785307549309,0.33114120380960504,-0.06953842714397969,2461.3920047955908,24.984967612076115
2020-01-06,5.502796577341034,0.3311727132626769,-0.06966523341933659,2458.5681700230484,25.23020665199356
2020-01-08,5.503696376314245,0.3312171185220448,-0.06979124502590597,2462.370491760229,26.303495367862737
2020-01-09,5.504581801014549,0.3312691780452205,-0.0699221133997617,2470.9409532001737,26.189984263351217
2020-01-10,5.505494054273597,0.3313190711104909,-0.07005412751149559,2493.2573870191086,25.284297412012833
2020-01-13,5.506540275374066,0.33135345282589634,-0.07018754922271501,2505.6176661819986,25.78495284966884
2020-01-14,5.507657479989562,0.33138472220246795,-0.07032588099066357,2498.4105682002405,25.27044353060701
2020-01-15,5.50866795962464,0.3314230167529502,-0.07045897079945924,2492.6571769744824,25.674321721300597
2020-01-16,5.509636818946587,0.33146623212261334,-0.07059169691118379,2497.8014397626935,26.400359521770334
2020-01-17,5.510637931574322,0.33151021663283126,-0.07072840452247438,2504.7750966137423,27.63141905722111
2020-01-20,5.51170445997424,0.33155430180879625,-0.07087194394527437,2506.6406504850356,28.455588533479848
2020-01-21,5.5127663691279105,0.33160305452221067,-0.07101885082603646,2506.6112991063537,28.030221564234424
2020-01-22,5.513777399202188,0.3316546344203226,-0.07116290024452367,2508.3343510217387,26.562872238577697
2020-01-23,5.5147212027241626,0.33170582243683655,-0.07129986461255204,2515.520839856816,24.87274803013746
2020-01-24,5.515624256285914,0.33175356177146964,-0.0714300556319768,2518.5438979824285,24.921388208495323
2020-01-27,5.5165488477795375,0.33179908843855555,-0.07156064975045988,2508.5238385214066,22.987071225860014
2020-01-28,5.5173629265215185,0.33184392860163253,-0.07167925489231025,2510.7651832798733,23.99008958429485
2020-01-29,5.518270614849122,0.33188324630922844,-0.07180279227776266,2513.093000505077,24.499968738569542
2020-01-30,5.519256263923961,0.33191615341346503,-0.07192896232800287,2508.1761912273605,23.937864129028164
2020-01-31,5.52022919681137,0.33194576847204377,-0.07205099965650237,2503.3276733833854,22.90240837076425
2020-02-03,5.521164240497297,0.3319725894078359,-0.0721667925353963,2502.1643731910053,22.72734888650676
2020-02-04,5.5221102193947305,0.33199639926093005,-0.07228116873505208,2511.731591336534,23.325279288768087
2020-02-05,5.523184343221324,0.33200997603315746,-0.07240027801343576,2516.2120019985728,23.767393110215608
2020-02-06,5.524325347842638,0.33201852090187833,-0.07252208501249212,2514.909710345504,23.13284994929583
2020-02-07,5.52546811337708,0.3320225909172209,-0.07264034749170976,2522.7198854123217,22.392898944281626
2020-02-10,5.526670071838858,0.33201684173184204,-0.07275669791463925,2528.487292084405,21.1162899488194
2020-02-11,5.5278975235739765,0.33200174174803615,-0.0728680660576823,2529.3042440921454,22.467670990360755
2020-02-12,5.529213066706908,0.33198339895673584,-0.07298565033555146,2540.9040397266554,22.880280057167624
2020-02-13,5.530669953317098,0.33195264041285194,-0.07310755959124034,2543.3323283176414,22.282486066507488
2020-02-14,5.532143743813881,0.33191652317786713,-0.07322680360876824,2553.8534436029468,21.263027358020903
2020-02-17,5.533617305832639,0.331876236412909,-0.07334280233100328,2552.7541754856925,21.831550795848685
2020-02-18,5.535136772613025,0.3318330033734107,-0.07346097248985738,2551.492043622548,20.48048543531951
2020-02-19,5.536590032092986,0.33178915769964457,-0.0735718889958567,2563.537902822332,21.494985370452625
2020-02-20,5.538202752704419,0.33173411429072,-0.07368996213797438,2568.6816912614936,21.66162941213812
2020-02-21,5.539841576458906,0.331677364039284,-0.0738093572518844,2562.7674784005735,21.19827593326873
2020-02-25,5.541373974582488,0.33162874369704837,-0.07392451294943388,2550.7427981793517,17.717866424761763
2020-02-26,5.542599432514197,0.331593846871246,-0.0740196465471346,2553.150355588161,18.184187366626393
2020-02-27,5.543885837651645,0.3315544226585347,-0.07411724590088027,2521.1963849275253,15.653029547074304
2020-02-28,5.544890376318951,0.3315286762732103,-0.07419706183937881,2485.2377134945987,12.064933864365845
2020-03-02,5.545589655939928,0.3315144719290678,-0.07425515607951391,2492.5956076780276,10.959434875055706
2020-03-03,5.54627208490238,0.3314969399577125,-0.07430897508985185,2533.04292067454,11.382636945159996
2020-03-04,5.547165382536898,0.3314611196942027,-0.07436954136714781,2553.853547336415,10.735010742864294
2020-03-05,5.548097851035198,0.33141884784255893,-0.07442901190228557,2528.8659544195007,11.381941580473033
2020-03-06,5.549025793081135,0.33137810565585,-0.07448897226517996,2476.671635220643,9.805028705701746
2020-03-10,5.54968146842282,0.3313552976125801,-0.07453563837009317,2376.1076007506945,5.169479665419985
2020-03-11,5.5499157910752706,0.33135176597666705,-0.07455536168890946,2333.2242649091036,6.842708499652783
2020-03-12,5.550184419559941,0.3313487180461456,-0.07457827823895821,2194.625215495039,4.181797596099335
2020-03-13,5.550170051336521,0.33136181886042965,-0.07458580877428643,2232.2667230302736,3.768065711051949
2020-03-16,5.550239097037156,0.3313655834639767,-0.07459445203538217,2188.524607842813,3.581197665144842
2020-03-17,5.55028075478659,0.3313702722359696,-0.0746009599429246,2186.0560348308277,1.7695779318010807
2020-03-18,5.550316933220007,0.3313707579629169,-0.07460423559335808,2111.2646914152424,0.06514145717255726
2020-03-19,5.550317050217178,0.33137086416299305,-0.07460429931188219,2158.104765155543,5.449004920573497
2020-03-20,5.550477885131236,0.33136466337262555,-0.07461291256237872,2230.595942039457,4.528568175739833
2020-03-23,5.550784865101221,0.3313428474036262,-0.07462430561548633,2239.8388556878995,0.6032194806242286
2020-03-24,5.550834326640069,0.3313390347468984,-0.07462594739173622,2310.2052081527495,4.578155718548493
2020-03-25,5.551362591717255,0.3312952886330777,-0.0746421196392574,2309.130221746551,6.217049904828031
2020-03-26,5.552135372505662,0.3312291169263874,-0.07466413052700752,2313.22552269255,7.640607263476951
2020-03-27,5.553168288133777,0.3311381453243559,-0.07469171565870965,2317.768439465731,3.5957673387545297
2020-03-30,5.553702244292411,0.3310901571270501,-0.07470528313257838,2314.780259852815,5.122289238578692
2020-03-31,5.554507042782816,0.33101630187056164,-0.07472455330520743,2350.8440542691446,6.719541666066209
2020-04-01,5.555694558610455,0.3309061950080958,-0.0747525883998505,2337.4865491580745,5.823496648182003
2020-04-02,5.556761861485872,0.33080559732180387,-0.07477639341335017,2331.2672804858785,9.20884195952758
2020-04-03,5.558493437255169,0.33064016394003204,-0.074813215385922,2337.001006111216,10.06542116471769
2020-04-06,5.560508981568589,0.3304453003879619,-0.0748544258303312,2351.2190814812698,11.541711304408375
2020-04-07,5.562999293569286,0.33020208583310096,-0.07490375248040348,2349.6269966494183,12.13439425735039
2020-04-08,5.565753492213599,0.32993004020663386,-0.07495591775835314,2344.7824356743704,13.874957410795385
2020-04-09,5.569014190041628,0.32960471342764963,-0.07501506154163619,2351.464181591892,14.897348688124957
2020-04-10,5.57265561983739,0.3292394924427879,-0.07507980480575736,2356.228458239534,13.650269804515226
2020-04-13,5.576156219843816,0.3288864294560391,-0.07514062895036949,2352.339469211951,11.754703536929645
2020-04-14,5.5792806379233895,0.3285693767602331,-0.07519334677571905,2353.8216955243206,11.810933045790971
2020-04-15,5.582519105294672,0.32823923464875293,-0.07524684522664678,2338.93704055833,6.840840803627435
2020-04-16,5.5844716958399045,0.32803860709517024,-0.07527771614395128,2360.7807534132717,6.534670632318673
2020-04-17,5.586456172940281,0.3278343748259737,-0.07530908817592692,2429.875348215877,4.325104654495471
2020-04-20,5.587929168225137,0.3276835690584508,-0.07533347182471359,2452.9739006229174,2.9758204666811006
2020-04-21,5.588998221909556,0.3275740151710047,-0.07535118226360711,2420.610932005658,2.7847956523309847
2020-04-22,5.589997743573648,0.32747071507171865,-0.07536692117757218,2441.236306882944,5.414211346291986
2020-04-23,5.59200836302666,0.3272626429384741,-0.07539852145845995,2458.5365531131106,5.729971625132402
2020-04-24,5.594222283039211,0.32703315383247933,-0.07543314778353559,2471.70613702775,3.654312364206258
2020-04-27,5.59570743846588,0.32687880008196224,-0.07545611220528577,2463.1587509178953,4.374515002005097
2020-04-28,5.597508876647604,0.32669076142138875,-0.07548326387184132,2463.0863259977546,6.0555601493920586
2020-04-29,5.600056750040208,0.3264237573058544,-0.07552082056132678,2461.9999736131954,8.169781825448785
2020-04-30,5.603536524969146,0.32605792049021115,-0.07557115653326613,2455.676285393305,7.93605068248977
2020-05-04,5.606976857484288,0.32569493778839,-0.07561981542580044,2454.4692584704608,6.933097285381495
2020-05-05,5.610066937641016,0.3253678774415761,-0.07566267894944077,2457.0457264782494,7.995955118155185
2020-05-06,5.61369897284723,0.3249825129909042,-0.07571232840557839,2450.676153572429,7.403011865239861
2020-05-07,5.617124302212871,0.32461790948049807,-0.07575814829895039,2453.6325538586475,7.3510373775283355
2020-05-08,5.620597686569659,0.32424747280633753,-0.0758040612831318,2488.56154838638,6.147665976468231
2020-05-12,5.623634285341321,0.32392421050074244,-0.07584495007918671,2502.127724528014,5.591731952787438
2020-05-13,5.6264876652348645,0.3236200963418564,-0.07588317327602881,2504.743413452926,4.001870451428502
2020-05-14,5.628587182508349,0.32339588017209003,-0.07591094423981914,2523.678255943828,2.640263032707879
2020-05-15,5.630027826808071,0.32324192811642316,-0.07592997811482426,2552.571055435875,1.6195022064553477
2020-05-18,5.630947261398495,0.3231437235141841,-0.0759422196237342,2563.271421606813,5.109820883154148
2020-05-19,5.6338515547915655,0.32283330718817266,-0.07598077423361013,2557.6918669289216,6.022153608988989
2020-05-20,5.637313933366193,0.32246220063864595,-0.0760258419830967,2556.312360442764,8.39011862854222
2020-05-21,5.642162441347373,0.3219413704765904,-0.07608798543110173,2553.344553133023,6.47485850133771
2020-05-22,5.6459935211811,0.3215288979874487,-0.0761362935383227,2542.190486937797,6.576592663738268
2020-05-25,5.649929855490377,0.3211037993313801,-0.0761847829923789,2542.878005770622,8.457031510806035
2020-05-26,5.655027541519865,0.3205523073019298,-0.07624678026577476,2531.772771788828,8.779114408996858
2020-05-27,5.660378031509441,0.31997173214418534,-0.07631031830944171,2516.5288262223976,8.920667684724659
2020-05-28,5.665879481862988,0.3193727188008203,-0.07637380907092822,2515.265196750701,10.524329744285655
2020-05-29,5.672422979368283,0.3186589225768012,-0.07644822462881937,2507.333650395661,9.07323800198827
2020-06-01,5.678150243112762,0.3180328407704076,-0.0765121871725284,2509.4544016627874,9.595137420216338
2020-06-02,5.684248811949202,0.31736556315408104,-0.07657981746811154,2510.824444549944,11.378157324785176
2020-06-03,5.691513966637286,0.31656964159276957,-0.07665957634986408,2497.634480269379,13.350453093306825
2020-06-04,5.699997841625005,0.31563800318060237,-0.07675070922510183,2486.491435688634,11.25153943005175
2020-06-05,5.7072556554334755,0.3148392437964594,-0.07682708423092266,2460.8118610837782,13.488562216618849
2020-06-08,5.715835606508886,0.3138919063878293,-0.07691446609713326,2447.127681739723,14.268659574478848
2020-06-09,5.724872540671963,0.312892077127166,-0.07700460664800167,2472.1253686623472,13.097015039849925
2020-06-10,5.733212617956952,0.3119716433729494,-0.07709001934556042,2490.7760327479114,11.819768754049376
2020-06-11,5.740793870127325,0.3111363099565231,-0.07716899698671086,2488.8783802398793,10.242429754062599
2020-06-15,5.7474137888796735,0.31040637297955864,-0.07723749592924511,2498.7989238257046,8.814677886809385
2020-06-16,5.7531629927508545,0.30977277932853825,-0.077297348552353,2503.6565328289216,9.771446840379983
2020-06-17,5.759486714634167,0.3090761152333815,-0.07736342417579346,2522.5027110584006,8.626245989257985
2020-06-18,5.765099682374192,0.30845880202069925,-0.07742310069762263,2520.21709329038,8.099020804716917
2020-06-19,5.770336040804136,0.3078828567854651,-0.07747870104541608,2533.2735368457434,8.89743882276941
2020-06-22,5.7760526474374085,0.3072548648409827,-0.0775401526100763,2515.152345348958,9.865710723642662
2020-06-23,5.782280575671621,0.30656959588913774,-0.07760599035151913,2516.3071328222964,10.955056462782409
2020-06-25,5.789128042819733,0.3058161754366592,-0.07767839218165853,2503.322515430543,10.28343263733169
2020-06-26,5.795533243877057,0.3051103379744253,-0.07774507625024875,2513.9267507434006,9.857616145073344
2020-06-29,5.801684514749009,0.3044330273961572,-0.07780966565519146,2505.592555807682,10.470874188391189
2020-06-30,5.808139274061197,0.3037217545665179,-0.07787688708555919,2480.1860409168044,10.604606055518806
2020-07-02,5.81456547388623,0.3030119737999129,-0.07794214545567768,2487.769004141204,12.100038040417305
2020-07-03,5.821806105841203,0.30221295433368467,-0.07801634423797923,2463.8741813607903,13.70954008912304
2020-07-06,5.82984871237478,0.3013232103524529,-0.07809656258730538,2471.733215101852,14.704126751121539
2020-07-07,5.8383847498542325,0.3003797724531583,-0.07818253471703974,2489.0127520521223,13.507252932741798
2020-07-08,5.846261258327271,0.299510737250885,-0.07826333307862603,2503.1507273536604,12.491428072208222
2020-07-09,5.853536376614412,0.29870941649077515,-0.07833924640473573,2509.2257694473815,10.88798919089642
2020-07-10,5.859876752011239,0.29801163690528226,-0.07840593803277,2509.007552552996,11.635375395739779
2020-07-13,5.866574653683229,0.29727460701152586,-0.07847645088392478,2522.885221358483,9.667692234931845
2020-07-14,5.87216330247301,0.29666064063379843,-0.07853623811802446,2526.465216314774,8.631616310289857
2020-07-15,5.877143682527306,0.29611378054013465,-0.0785897723299987,2524.3943237344174,8.854229870669661
2020-07-16,5.882193319828535,0.2955593898276693,-0.07864408167674806,2526.6290860184977,9.236849020418259
2020-07-17,5.887393959358301,0.2949888301616931,-0.0787003610766804,2532.2523459540935,9.577941725808682
2020-07-20,5.89274261431935,0.29440250113744,-0.07875867360685554,2542.795249323981,10.203131799345378
2020-07-21,5.89836772359824,0.29378691513294247,-0.07882096013158349,2551.340888238536,10.7539181857776
2020-07-22,5.904221745328914,0.29314722037274543,-0.07888663667470419,2547.8629517543295,11.255984080627401
2020-07-23,5.910250951520846,0.2924885386705294,-0.07895435192604161,2550.2239655636263,11.825080405035116
2020-07-24,5.916500493749458,0.29180629678965625,-0.0790249748139185,2550.9063896099956,12.239320567060808
2020-07-27,5.922872735614587,0.2911111677191828,-0.07909739263844794,2548.0733439225573,13.218091107179664
2020-07-28,5.929607334819898,0.2903769702007384,-0.07917424846650936,2545.598084697595,13.743407390407647
2020-07-29,5.936461218116991,0.28963039817469133,-0.07925292549443619,2546.1715892617362,14.619926336001466
2020-07-30,5.943547464014085,0.28885989215787894,-0.07933538128410221,2531.4170088837805,13.874165729457811
2020-07-31,5.950147964526289,0.2881417577030768,-0.0794115862326751,2535.909224066895,14.813652332974648
2020-08-03,5.9570003201201365,0.2873979828643446,-0.07949218158905849,2556.106866904864,14.626271613903175
2020-08-04,5.963667717599424,0.2866771530845389,-0.07957322995288384,2562.0807529138187,14.768435641845246
2020-08-05,5.970262958539744,0.2859657995869504,-0.07965484171221503,2566.4042353424647,16.613741466984422
2020-08-06,5.9774517194385055,0.28519238240297434,-0.0797454467300694,2562.644370328079,16.61782003787757
2020-08-07,5.984454112026091,0.2844402385724976,-0.0798346178636808,2569.1050647555635,15.695930103302459
2020-08-10,5.990939602884114,0.2837457234141297,-0.07991901143085718,2571.000113306205,15.160632808862594
2020-08-11,5.997076683974167,0.2830900223624293,-0.0800001126137361,2577.0746276325362,16.629528992769682
2020-08-12,6.003614610786219,0.28239362459437317,-0.08008833728156392,2577.847285583104,18.47055553212078
2020-08-13,6.0105966859194195,0.28165231229473836,-0.08018451021355391,2576.3359838999377,19.566703226998094
2020-08-14,6.017736850986514,0.2808963520570196,-0.08028455842821187,2568.9688771197402,19.191401159870104
2020-08-17,6.024502219350833,0.2801818754205255,-0.08038066707959307,2530.3849382493786,20.63223874988025
2020-08-18,6.031406747343967,0.2794509805125772,-0.0804765251700699,2558.5814766160647,19.234037605665865
2020-08-19,6.037798901756621,0.27877884501050954,-0.08056947879423129,2570.7501550438537,18.89681282340949
2020-08-20,6.043948427897531,0.2781353633434026,-0.08066167450384157,2564.512700293658,16.735237835133265
2020-08-21,6.049268844115801,0.27758009562439906,-0.08074250563453875,2557.953497163048,17.109634843727406
2020-08-24,6.054527347465096,0.27703268930921765,-0.08082340646395766,2568.14475879916,17.961419021275415
2020-08-25,6.059876385915967,0.27647904848934673,-0.0809084662575145,2570.037386938323,17.860153139970357
2020-08-26,6.065031577448171,0.27594794501011355,-0.08099247786463963,2570.301210750056,18.739779883984298
2020-08-27,6.070216374862654,0.2754167426682541,-0.08107936759000603,2578.501970641552,16.812398605636435
2020-08-28,6.074762302954715,0.27495404413762276,-0.0811581610169306,2594.9658140858423,14.844287497862773
2020-08-31,6.0787012426355105,0.2745564550181881,-0.08122938575429431,2600.719071746439,14.053072176232106
2020-09-01,6.0823259349381535,0.27419302790525113,-0.08129700105599935,2612.837260084438,13.860899239620373
2020-09-02,6.085798047574154,0.273847812303034,-0.0813643164543011,2584.7290700430544,14.383361655415317
2020-09-03,6.089210784992876,0.2735090538167123,-0.08143054365589093,2585.881397239602,13.38184354200429
2020-09-04,6.0922929083351915,0.2732051369092179,-0.08149201717227206,2600.985891720391,12.324715381965245
2020-09-07,6.0950973334772245,0.27293068033355705,-0.0815498297269179,2594.8799215590825,13.002916845500545
2020-09-08,6.097962866323657,0.2726512864779152,-0.08160967376322087,2582.029291632614,11.88060528056294
2020-09-09,6.100523498909478,0.27240191803650887,-0.08166323524281692,2592.2108578609905,10.950464977731066
2020-09-10,6.102864365988388,0.2721752066857811,-0.08171333199232263,2602.7465394590736,11.326629622652206
2020-09-11,6.1052394964230725,0.27194677411401597,-0.08176558297265893,2596.6678712291177,12.086340815790475
2020-09-14,6.107682744827174,0.27171300903582596,-0.08182025578726669,2596.9919883105526,12.760455680305306
2020-09-15,6.110177739467166,0.27147594202640807,-0.0818774358081396,2599.0940376169156,14.677651399364722
2020-09-16,6.112955534226855,0.2712136349968158,-0.08194245560035408,2605.4258842187537,14.185170954961457
2020-09-17,6.115593370613754,0.27096624356751403,-0.08200567073964406,2605.590094479789,14.052475341226423
2020-09-18,6.1181347808517375,0.2707295692814144,-0.08206794324338082,2601.456766725417,13.466809741203779
2020-09-21,6.1204998637818395,0.2705107526210372,-0.08212701334668625,2592.601241226891,10.455474388526941
2020-09-22,6.122308837416845,0.2703440133704353,-0.08217261047573915,2594.372261493326,11.189132061548634
2020-09-23,6.124192682171152,0.27017159964002546,-0.08222111333126278,2592.3224753428485,12.501049840039347
2020-09-24,6.1262127683368055,0.2699883862226227,-0.08227445966105011,2590.5711931254605,12.436979447989117
2020-09-25,6.128142374434906,0.26981538004683014,-0.08232702599369725,2590.410106013975,11.829010907370652
2020-09-28,6.12992752355179,0.2696567988410062,-0.08237685356584794,2587.8626678993596,13.111489118395369
2020-09-29,6.1318392617478255,0.26948827800750036,-0.08243124244776032,2596.349505335784,12.085063818233355
2020-09-30,6.133562515376412,0.2693383739548079,-0.08248200020309489,2602.0517972713064,11.673795388978636
2020-10-01,6.135203563948067,0.26919678235120165,-0.08253134708096457,2616.1717534497434,10.459108664767314
2020-10-02,6.136675000753658,0.2690709129846572,-0.08257662479873193,2617.1421123517234,8.989878178103972
2020-10-05,6.137933566198147,0.26896369670932047,-0.0826157213612443,2620.5439896394596,9.976402281135123
2020-10-06,6.13930006513896,0.26884820276996246,-0.08265895393962944,2631.197253456605,9.949567490596834
2020-10-07,6.140626717703946,0.26873791973232686,-0.082702540124312,2641.5461029511494,7.610463312537097
2020-10-08,6.141632625641416,0.26865544889626597,-0.08273660793450756,2658.436640889925,7.070071041721593
2020-10-09,6.142555945513275,0.2685809572550449,-0.08276898658587818,2657.7771408565527,6.633846624424833
2020-10-12,6.143397620423447,0.26851396260606664,-0.08279925182481618,2659.0513675097895,7.035916446601753
2020-10-13,6.144267490561402,0.2684455344686729,-0.08283121008876979,2666.471694689776,6.103882731414467
2020-10-14,6.145020713598167,0.2683866959730389,-0.08285926536007271,2665.5463299207427,7.148015697214416
2020-10-15,6.1458745668483274,0.26832084898838704,-0.08289176983220475,2657.698191994025,6.004888308489087
2020-10-16,6.1465774952090495,0.2682670274405658,-0.08291880592879038,2665.407119710251,5.032359945985654
2020-10-19,6.147160260056735,0.26822298897410596,-0.08294173779006785,2668.624729834292,4.708240494103122
2020-10-20,6.14769599537454,0.2681830008314773,-0.0829632443389535,2669.540337751409,5.0015974795517115
2020-10-21,6.148253201291727,0.2681418776990216,-0.08298600486272568,2674.590985310477,4.174059334779501
2020-10-22,6.148716849187728,0.26810789385947875,-0.08300515685183368,2666.3217566043886,5.132472967924562
2020-10-23,6.149272287282918,0.26806740095799975,-0.08302824396234744,2673.2908477764827,5.364517382865319
2020-10-26,6.149854252755444,0.26802505722371733,-0.08305253507453761,2670.9225772768955,4.293176586197123
2020-10-27,6.150325952179841,0.26799045190258336,-0.08307197659187177,2665.4458545772372,3.661081513067943
2020-10-28,6.150715414523749,0.2679623527119331,-0.0830884034393956,2652.348850843305,1.5499902715897962
2020-10-29,6.150879474285043,0.26795048455675435,-0.08309527809058478,2642.9813832947475,2.4993977302596004
2020-10-30,6.15114469897587,0.2679310285690731,-0.08310614641936459,2633.982353468353,2.1491277820106847
2020-11-02,6.151372869129873,0.26791415391398166,-0.08311536447069155,2611.9003988206973,4.81027535491132
2020-11-03,6.15186977667032,0.26787699083619393,-0.08313499598548436,2618.364348832137,6.418344767137585
2020-11-05,6.152536674826126,0.2678269236912189,-0.08316122634028003,2671.15836885584,7.121690475643483
2020-11-06,6.153320774345576,0.2677683277697266,-0.08319264740062973,2679.9738069740547,8.046578383145842
2020-11-09,6.154219730132847,0.2677007421971771,-0.08322839268329464,2691.079479343535,11.024219943471735
2020-11-10,6.1554609010819785,0.2676068739945486,-0.08327738426037311,2682.1144391360654,11.800225831000756
2020-11-11,6.156791163581411,0.26750517323763634,-0.0833288832756172,2689.3314400659697,12.110763109438128
2020-11-12,6.158164072384493,0.2674001702524153,-0.08338206625679831,2692.2345974522877,12.391022790636441
2020-11-13,6.1595660815219,0.26729302675436417,-0.08343647117289066,2697.370199006678,12.154423635067024
2020-11-16,6.160946084378619,0.267187631948592,-0.08349012356919423,2700.001024736727,14.064401153340334
2020-11-17,6.1625398852242,0.267065474793646,-0.08355174817544221,2698.194356510281,13.12083551859471
2020-11-18,6.164037862003697,0.26695012246818195,-0.08360918885327007,2698.7043607921296,14.154037943443054
2020-11-19,6.165650212110787,0.2668256398994813,-0.08367074319779713,2692.743870954242,13.137013618766446
2020-11-20,6.167138726832848,0.2667106883912149,-0.08372747248929269,2695.3994413951436,13.194354541409869
2020-11-23,6.168643861001809,0.2665940354483037,-0.08378450788035187,2700.390591330731,12.837750575128215
2020-11-24,6.170121461482429,0.2664792664684565,-0.08384033693765712,2698.258051723406,14.734763712560927
2020-11-25,6.171818820172722,0.26634637710197534,-0.08390355670170448,2694.6911352903358,16.32205112302325
2020-11-26,6.173665370988318,0.2662020829360862,-0.08397250622436297,2691.2755515598037,16.622023270003883
2020-11-27,6.1755186934639354,0.26605771523577115,-0.08404203136888556,2690.2319283762267,16.818180873232812
2020-11-30,6.1773661230286905,0.26591455899710953,-0.08411193719827421,2686.7149089009577,15.664672485522612
2020-12-01,6.179077226650733,0.2657821993884324,-0.0841768223122802,2685.0306671396697,17.234787614299464
2020-12-02,6.180948637505113,0.2656369646637849,-0.0842473558696504,2688.18764238571,18.6528034616396
2020-12-03,6.182958602236663,0.2654811856874038,-0.08432332078505335,2687.1970481852936,17.694011391379007
2020-12-04,6.184846653058342,0.2653356257264986,-0.084395292196779,2695.303262528189,18.1581324920276
2020-12-07,6.186766064854454,0.26518884990781955,-0.08446956802215932,2696.596561686094,18.485651335334353
2020-12-08,6.188692152581291,0.2650425293902528,-0.08454491377482339,2705.237433570401,17.535339432425225
2020-12-09,6.190490676599724,0.26490809608517685,-0.08461721150940685,2702.2462001305985,18.851494724824903
2020-12-10,6.192363001533079,0.26476982071551664,-0.08469381670609478,2697.001008136697,20.81233897094834
2020-12-11,6.19435439639905,0.2646245269898872,-0.08477667361074247,2700.851035597987,21.31657602784238
2020-12-14,6.1963559587534816,0.26448022524755227,-0.0848614477971712,2700.434492439717,20.52986321691561
2020-12-15,6.198232125176555,0.2643473871879873,-0.08494290917686075,2700.0269080081166,20.299171477376852
2020-12-16,6.200028792980718,0.26422279770333934,-0.0850230813360047,2699.4692102362487,21.13307266482305
2020-12-17,6.201837967859841,0.2640997412531381,-0.08510578741082266,2708.098981405637,21.21676580285601
2020-12-18,6.203619720878574,0.26398102362550835,-0.08518943072714316,2696.615962482967,21.402159059594993
2020-12-21,6.205304820052983,0.2638729844233183,-0.08527186475348211,2685.037544004,18.6717112062569
2020-12-22,6.206700492156224,0.26378715134922504,-0.08534298866757342,2682.687872330079,20.642436020293943
2020-12-23,6.208137041096657,0.2637037251845709,-0.0854202274561825,2675.45447118103,21.553180404689165
2020-12-24,6.209547693849479,0.2636258261284671,-0.08549926806696237,2670.293127205818,21.218152682250867
2020-12-25,6.2108750969683,0.26355574579034635,-0.08557620470965778,2678.754634835946,21.188777717180308
2020-12-28,6.212169350890221,0.26349025654421826,-0.08565370359213813,2684.9641602120782,21.377784042472435
2020-12-29,6.2134374235885765,0.26342909585920626,-0.08573221683027785,2693.8659431921933,21.560243495990818
2020-12-30,6.214661782920196,0.26337465377413066,-0.08581198792308918,2693.798519914208,22.095991058186073
2021-01-04,6.215825506605793,0.26332926935007706,-0.08589307676958588,2703.069038173149,23.95206902537792
2021-01-05,6.216999034141993,0.2632907059227392,-0.08598099178186602,2719.1153659282336,23.53834052396948
2021-01-06,6.21811515807087,0.26325913113254873,-0.08606913041865538,2716.404661681276,24.098962409877256
2021-01-08,6.21918180204693,0.26323500727689164,-0.08615834539426744,2707.3524445598514,27.608801245737634
2021-01-11,6.220237224441437,0.2632239625364512,-0.08625711118039191,2693.7553876810257,29.279741431829276
2021-01-12,6.221181600917341,0.26322993796311883,-0.08635835719178186,2694.0437615935566,28.863905237622454
2021-01-13,6.221993352810692,0.2632499809294016,-0.08645773379591287,2685.3933591541013,29.22725038290599
2021-01-14,6.222637381879189,0.263289746851437,-0.08655615104450289,2688.2430806468315,29.856188420284123
2021-01-15,6.223153269814339,0.2633471529066761,-0.08665617625893228,2670.0202500198984,29.2480834171307
2021-01-18,6.22348337146369,0.2634215644603073,-0.08675093007850558,2668.1145579968324,30.126346696546968
2021-01-19,6.223673759116137,0.2635150824158485,-0.08684720651176135,2682.3737207842737,28.36503628559508
2021-01-20,6.223763048836427,0.2636164550819607,-0.0869400251175272,2678.141462002602,29.447979099941655
2021-01-21,6.223701327991044,0.26373871401519133,-0.08703464335158613,2671.2665872456255,28.129106108018796
2021-01-22,6.223514522583696,0.2638700819455132,-0.08712391303541168,2651.002591619839,27.609079323190635
2021-01-25,6.223128753919425,0.2640203018947118,-0.08720808814674351,2651.6832092146005,28.12541061442615
2021-01-26,6.222572668759666,0.2641924634951462,-0.0872930815728153,2668.528554105847,27.06478237914729
2021-01-27,6.221924118589182,0.26437424244914,-0.08737700810962915,2659.928679919743,25.703370366339517
2021-01-28,6.221130784381038,0.2645672729554106,-0.08745535056545763,2667.0938606948816,25.305301371331446
2021-01-29,6.220247308429029,0.26477042914152926,-0.08753304470997623,2672.390166220273,22.627303506170925
2021-02-01,6.219323934577048,0.2649694411252928,-0.08760338976437686,2678.241334325811,22.884370344783477
2021-02-02,6.218225923740258,0.2651907557738271,-0.08767452153939992,2679.1529281285725,25.422105051210497
2021-02-03,6.216845915303373,0.2654546296659162,-0.08775216307733663,2673.109230219467,25.07756743354239
2021-02-04,6.215295520629243,0.2657366891603787,-0.08782739313097236,2686.042572878334,25.537846423133992
2021-02-05,6.213559570416745,0.2660439893891709,-0.0879048787943513,2708.3759451847154,25.2680598508495
2021-02-08,6.211717973751571,0.26636559748191824,-0.08798389262102704,2709.8769540207954,27.160755210199717
2021-02-09,6.209538355982847,0.266734335611981,-0.0880675555502132,2696.8265414014018,27.070093214791548
2021-02-10,6.207140800853219,0.26712680360052476,-0.08814839483171633,2693.2642188510185,26.228239182947256
2021-02-11,6.20461497183406,0.26753097042492446,-0.08822578094057378,2679.738185100835,27.412447192915756
2021-02-12,6.201796302856373,0.26797215542274616,-0.08830370166540281,2656.88200343383,28.988791958797712
2021-02-15,6.198609127515198,0.2684591448147072,-0.08838148507205655,2639.124944299487,31.933882384799862
2021-02-16,6.194885348225415,0.2690166272884097,-0.08846247274347901,2623.858308850979,33.21069922905322
2021-02-17,6.190775316115672,0.2696214222344672,-0.08854285664271609,2613.732121665146,31.49013900515929
2021-02-18,6.186583049940768,0.2702290775819631,-0.08861706829368496,2638.276622532245,28.878449324107724
2021-02-19,6.18255188464084,0.270813005800622,-0.08868874212006564,2622.9654036922475,31.82331704157275
2021-02-20,6.177909968300902,0.2714763822147278,-0.08876350748980259,2633.354217647604,30.8718734799994
2021-02-22,6.173218338770555,0.27214420019809943,-0.08883718032294761,2627.3462523606313,30.699560323069907
2021-02-24,6.168338853469191,0.27283279104846947,-0.08890878259124019,2635.8403532710227,28.44025230127045
2021-02-25,6.163580190455792,0.2735010616950416,-0.08897615931886574,2611.83595588548,30.550312408269285
2021-02-26,6.158191997849369,0.2742472095531314,-0.08904325413621933,2596.6410123090172,28.883429944136154
2021-03-01,6.152835686713706,0.2749822048593131,-0.08910410947595838,2609.0789819519287,29.78372917889647
2021-03-02,6.147185737537789,0.2757565210797784,-0.08916784643431767,2614.57847828226,30.426377648468428
2021-03-03,6.141264940307216,0.2765656726060354,-0.08923293290692097,2639.0268894412416,29.443167618624557
2021-03-04,6.135394976832187,0.2773691623986412,-0.08929911913645176,2645.2805508973315,28.438550642482152
2021-03-05,6.129502235617631,0.2781729334830387,-0.08936339500023613,2632.9673950495967,29.668525573811323
2021-03-09,6.123102993342338,0.2790390019541288,-0.0894273472938871,2632.415819284718,32.14933501445225
2021-03-10,6.115974874819548,0.2799992175459746,-0.08949490534615706,2618.091972452918,32.27419190913383
2021-03-11,6.108499770433785,0.28099875226408005,-0.08955932249262316,2612.833589584308,34.279887321801894
2021-03-12,6.100342876930525,0.2820843158128112,-0.08962529390920462,2610.1062176237688,35.60750808150437
2021-03-15,6.091622939553468,0.28324008121433614,-0.08969190200353573,2602.517251777675,37.73165182868927
2021-03-16,6.0821609095640365,0.28448861909883033,-0.08975940874267091,2608.76989414746,37.60623380595811
2021-03-17,6.072502720026212,0.2857610136294549,-0.08982686563214166,2596.8504655118077,35.083249751488225
2021-03-18,6.063090411563069,0.2869948169618168,-0.08988722757713385,2586.81518527442,35.488998980350075
2021-03-19,6.053313008630537,0.28827128037640326,-0.08994542325497025,2569.518307033198,35.24947421030768
2021-03-22,6.043333855535455,0.28956792817552296,-0.08999932259305704,2564.1938171831134,36.06888748499153
2021-03-23,6.0328977817840785,0.2909199862770086,-0.090052343938748,2526.423325377553,37.23788745822534
2021-03-24,6.021837369640664,0.29234238217974273,-0.09009882228293209,2541.6121235871774,37.13068047066439
2021-03-25,6.010628373616415,0.2937846716384148,-0.09014708028634709,2563.1449972863998,34.182810712666864
2021-03-26,6.000111405322229,0.2951404257881527,-0.09019502556547619,2594.555696831761,34.50588107480088
2021-03-29,5.989426763512451,0.29652189188809613,-0.09024797599811928,2598.2328462142873,35.83578566264192
2021-03-30,5.9782035362175865,0.2979714221608023,-0.09030242660631198,2583.4935452848113,36.45205370975173
2021-03-31,5.966544741669281,0.2994716333795415,-0.09035401830597532,2601.173161203106,36.15856309857772
2021-04-01,5.95484352560802,0.30097878830718705,-0.09040752812178225,2591.054953904712,36.14300208816521
2021-04-02,5.942904242672663,0.302512184649067,-0.09045822712697124,2597.568471175116,36.98272209125999
2021-04-05,5.93052111020178,0.30410143759436264,-0.09051007740155453,2603.9701228437434,35.36752857020089
2021-04-06,5.918424161042856,0.3056529901703435,-0.09056011962350691,2570.7557167980567,35.90906273863046
2021-04-07,5.9058285577863225,0.3072594175268893,-0.09060385639483699,2567.403171181163,36.3377610221471
2021-04-08,5.892919564353306,0.3089033041620103,-0.09064654264451366,2563.87051234959,36.8177520316868
2021-04-09,5.87969752502625,0.31058466762723697,-0.0906882138705127,2567.29375879948,35.78617515239628
2021-04-12,5.866661541606779,0.31224147873994934,-0.09072866960600395,2580.3851104027176,36.51644422371607
2021-04-13,5.853267797505622,0.3139445747170167,-0.09077128969387374,2583.7953918459866,36.47752492818881
2021-04-14,5.839760258452889,0.3156612775115602,-0.09081365838434648,2632.9444714403703,35.85132686232604
2021-04-15,5.826428243159231,0.31736324416883943,-0.09086305232612198,2627.613130469718,35.80804413784024
2021-04-16,5.812903390933972,0.31908672795446963,-0.09091045670986138,2658.1231573980963,35.375217283849736
2021-04-19,5.799450580894202,0.32080494427575257,-0.09096163278976743,2645.5320894642514,35.098720375899475
2021-04-20,5.785866763338275,0.3225354868687702,-0.09100932634691801,2639.724994409675,34.57500336297075
2021-04-21,5.7722987569906925,0.3242612952040942,-0.09105455351940653,2658.1447554471833,33.99270271873538
2021-04-22,5.758840899578996,0.3259747834950711,-0.09110126205813342,2678.8067814907017,34.4012574880999
2021-04-23,5.7451886663733305,0.3277153079189839,-0.09115103636224267,2684.518421749599,33.99684542509463
2021-04-26,5.731608181368999,0.3294464861853937,-0.09120049549620747,2692.9911861484516,34.08807346170588
2021-04-27,5.717916833416454,0.331191918290623,-0.09125063974643183,2691.6796552882683,33.76777555702073
2021-04-28,5.704228246266988,0.332935366968865,-0.09129936008391035,2690.6568694302705,32.98314031241168
2021-04-29,5.690691119770143,0.33465782807573813,-0.09134608435415942,2699.3114406200393,32.29484920716374
2021-04-30,5.677318307143123,0.33635947275614647,-0.09139249263517525,2703.3385643472593,31.09715692809363
2021-05-04,5.66426858002026,0.33801917459272524,-0.09143715643066408,2714.6645091551254,31.7735575772242
2021-05-05,5.650887890152542,0.33972141402754774,-0.09148355485181696,2719.099257856575,33.99878615950796
2021-05-06,5.636553596963855,0.341543939968429,-0.09153248629026049,2727.76428563696,34.11239450793519
2021-05-07,5.622113229487267,0.34338016297978496,-0.09158212584457345,2734.254077314809,34.6871905780098
2021-05-10,5.607371957381937,0.34525431265967366,-0.09163264018181823,2735.379875645416,35.07374361040849
2021-05-11,5.592409705571932,0.34715548297609494,-0.09168300459469239,2729.2509762744835,33.81143880674424
2021-05-12,5.5778000644065395,0.34900942810396324,-0.09172998444216145,2726.0023015562106,34.047575745403336
2021-05-13,5.562968222057175,0.3508894458340218,-0.09177579997638177,2717.2047057677887,33.86477626359776
2021-05-14,5.548094374163974,0.35277203536192103,-0.09181921067192772,2730.8811537214237,33.20242790657415
2021-05-17,5.5334380437209845,0.35462824445868874,-0.09186322437176787,2729.7478759162723,33.33136118947695
2021-05-18,5.518636573820344,0.35650135632105845,-0.09190638111130268,2736.2593925499136,34.78108142968124
2021-05-19,5.503199661807856,0.35845465914206004,-0.0919513234568839,2729.349505703208,33.173123940516234
2021-05-20,5.488326172206323,0.36033464173658314,-0.0919927360569977,2742.0625701402228,32.60674791290612
2021-05-21,5.47370574969873,0.3621841111980508,-0.0920349154841393,2747.74536543792,33.21758435271216
2021-05-24,5.458824851363636,0.36406659466769303,-0.0920779889129274,2746.1503413743526,33.368881696660544
2021-05-25,5.4438232972230445,0.3659630479623742,-0.09212025695860243,2747.0215309998075,34.20935942421117
2021-05-26,5.428444981556917,0.36790627746491944,-0.09216285450391928,2754.9794285846983,34.70336516837293
2021-05-27,5.41288515066633,0.36987308187850915,-0.09220662770945855,2750.040666616159,35.94998959052964
2021-05-28,5.396826869883146,0.3719013615719612,-0.09225035873814749,2755.92104029612,35.36490869851474
2021-05-31,5.380975302237101,0.3739036286805124,-0.09229370019248002,2751.369968325746,35.26461518603669
2021-06-01,5.3651245088173845,0.3759041903500978,-0.09233554337039321,2752.851680414091,36.75237306768815
2021-06-02,5.348619737626773,0.37798626107560923,-0.0923782454219372,2749.2515512144864,38.86252053994599
2021-06-03,5.331211650731605,0.38018027808299126,-0.09242146946429564,2747.907615729794,38.48536894823307
2021-06-04,5.313888540838311,0.3823622143167865,-0.0924632519897611,2738.554700421472,39.03063537179028
2021-06-07,5.296293036143397,0.3845757535115928,-0.092503138062189,2731.606852192786,39.925333579088694
2021-06-08,5.278311533721038,0.3868356520413625,-0.09254182518379497,2717.085057422081,40.12921640415696
2021-06-09,5.2601840752920666,0.38911024559433743,-0.09257734171566558,2720.7965681486216,41.25569125571109
2021-06-10,5.241588568147592,0.39144319563069224,-0.09261351160540837,2731.3730310196793,40.13867591608442
2021-06-11,5.223463749738667,0.39371841529991586,-0.09265008564861786,2749.991646075328,39.692424356360135
2021-06-14,5.205556960329753,0.3959689167748472,-0.09268885796313203,2756.480025219258,40.040194911006125
2021-06-15,5.187481901837461,0.398240634649248,-0.09272816622793388,2739.485352267789,39.52985719875295
2021-06-16,5.169515597657711,0.4004945475443253,-0.09276328931201851,2730.6907222722875,40.24546861950078
2021-06-17,5.151180884853724,0.402791833004971,-0.09279647538984327,2744.7920725836548,39.13877259216705
2021-06-18,5.133273430406092,0.4050371214136872,-0.0928304792661747,2761.0210255227676,37.73708946240115
2021-06-21,5.115950007215809,0.40721124808513753,-0.09286544430237313,2757.377631992434,38.2998815887422
2021-06-22,5.098328591066219,0.409420940649139,-0.09289933953169088,2758.7270834540213,38.53055718781449
2021-06-23,5.080568629518896,0.411647163917531,-0.09293277961588371,2770.9876367802954,38.47589751279132
2021-06-24,5.062787425533412,0.4138769501466332,-0.09296726700313576,2775.177787165122,37.77279487040326
2021-06-25,5.045236697212378,0.4160774215124757,-0.09300101234759708,2776.944188726891,37.987648997610336
2021-06-28,5.0275343968205854,0.41829597769996585,-0.09303427310316564,2762.6764816451787,38.47332561074492
2021-06-29,5.0095473589710355,0.4205466154524782,-0.09306465000180746,2749.030790041634,37.89769156941991
2021-06-30,4.9916717159971355,0.4227796684810425,-0.0930914080877501,2758.255897883449,39.28548119657962
2021-07-01,4.973216706621052,0.4250856858205512,-0.0931197074000604,2757.1882453125095,39.93676371424848
2021-07-02,4.954447028814013,0.4274297193263841,-0.09314731837609555,2764.330115597031,39.83206919428142
2021-07-05,4.935670431179859,0.42977466928925695,-0.09317511130671323,2773.9387741117102,39.966679734786496
2021-07-06,4.9168105345585635,0.43213058927621406,-0.09320368977935965,2770.4721165544115,40.203540645297565
2021-07-07,4.897787001336521,0.43450514012572306,-0.09323085648584412,2774.703650235372,40.37895541275505
2021-07-08,4.878659698782478,0.4368923106595169,-0.09325794206907628,2768.44157743499,39.467635202089355
2021-07-09,4.859836815274899,0.4392392980523223,-0.09328254935859318,2780.09863111715,38.675295791602494
2021-07-12,4.841351668547642,0.4415453256907604,-0.09330790670027118,2782.077750776277,39.30631517823675
2021-07-13,4.8225493695829185,0.443890053567592,-0.09333297026705863,2788.604620843217,39.031183231263
2021-07-14,4.80385609176494,0.4462214080910832,-0.09335817567278107,2792.5880539532395,37.250819882801764
2021-07-15,4.785879179499115,0.44846317203159164,-0.0933822447049764,2801.7173590178463,35.63002662524441
2021-07-16,4.7685812602917474,0.45062089485135565,-0.09340608627704786,2810.5739539172046,34.141640170876755
2021-07-19,4.7519242321045265,0.45269931770774735,-0.09342972568195596,2811.0505430567714,31.389313120771178
2021-07-20,4.7364495632007015,0.4546297052467854,-0.0934512290426519,2832.0589545407215,30.802361796198817
2021-07-21,4.721316710519034,0.4565200856494854,-0.09347483219434372,2853.8671412960066,30.45316462452132
2021-07-22,4.706395861122561,0.45838649350324984,-0.09350058832876072,2876.328869432551,30.528884923394894
2021-07-23,4.691485610137687,0.4602540170244752,-0.09352876248230246,2880.4226607205155,29.65250034055189
2021-07-26,4.67692640445365,0.46207727377214475,-0.09355605664840859,2881.6393487369455,30.137728777326366
2021-07-27,4.662129052730598,0.4639296962186553,-0.09358322587321319,2895.950164655085,28.90760502588352
2021-07-28,4.647893733395252,0.4657130307529915,-0.09361064725485135,2904.9821104277307,30.19976909403741
2021-07-29,4.633107095568486,0.4675659639730307,-0.09363970393425056,2905.5267414048044,30.934262135224056
2021-07-30,4.618004832090737,0.4694578955647748,-0.09366888171843402,2914.144620686559,29.423226741280708
2021-08-02,4.6035821321532335,0.47126530857243865,-0.09369737519197358,2908.380327551543,30.247752129071117
2021-08-03,4.588816593633862,0.4731145092232237,-0.09372540872586638,2908.1511328954266,30.450235446426376
2021-08-04,4.57399169263929,0.47497072532290024,-0.09375315579920833,2907.529255257677,31.06041815776286
2021-08-05,4.558948731607236,0.47685388237774057,-0.09378095173982719,2913.0558124313297,31.60578604912583
2021-08-06,4.5437103235733085,0.47876182430709524,-0.09380943718858223,2910.775232353474,30.733557084832675
2021-08-09,4.528837882400875,0.4806230415664781,-0.09383639110600722,2903.9640669661753,32.06465064860842
2021-08-10,4.513455418798892,0.48254702960924684,-0.09386320563554852,2899.0044766292285,33.2291837124326
2021-08-11,4.497573687348101,0.484532087178364,-0.09388958513692117,2904.71966468439,33.485170604967564
2021-08-12,4.481619337663107,0.4865265442178371,-0.09391642293408178,2904.7302625468697,33.88024527242144
2021-08-13,4.465527553182547,0.4885377140717923,-0.09394304891717242,2918.4821203790984,32.70596975584397
2021-08-16,4.44998957001354,0.49048123854878106,-0.09397030001498333,2935.1841236331416,32.71092496842836
2021-08-17,4.434519345048649,0.4924182359180342,-0.09399935015443878,2944.56201888079,33.90820008942157
2021-08-18,4.41857017284656,0.4944158076101293,-0.09402994683505272,2939.6667082521076,33.52432059666592
2021-08-19,4.402763485565224,0.4963941349095431,-0.094058943755869,2936.4088158277013,31.248073470779914
2021-08-20,4.387929295377224,0.498249993311035,-0.09408541587280088,2938.067007472255,30.449713714917472
2021-08-23,4.373491097561803,0.5000564042133372,-0.09411124955647089,2937.654993719373,32.18060011477761
2021-08-24,4.358367823833039,0.5019481096898348,-0.09413790651256462,2934.564423879395,32.51949653431174
2021-08-25,4.343128302270778,0.5038535329861704,-0.09416397038549465,2937.7671434505537,32.299117330141684
2021-08-26,4.327993392975912,0.5057457520338765,-0.09418976546852005,2924.382764943495,31.705399381069732
2021-08-27,4.313063169553283,0.5076098865927585,-0.09421281414453099,2940.4341767198357,32.20428570642304
2021-08-30,4.298017736322053,0.5094904109914796,-0.09423799075216865,2940.083029565526,33.61867540797099
2021-08-31,4.282430838141201,0.5114381843879963,-0.094263659404367,2948.3155343260128,32.92200086365171
2021-09-01,4.267177854879234,0.5133450090564671,-0.0942895453534072,2950.40290276811,34.59246519430727
2021-09-02,4.251310636786917,0.5153286655419991,-0.09431650575815612,2942.2666282196255,35.63590606385074
2021-09-03,4.235019229484561,0.5173635225939937,-0.09434242527956707,2950.166488340886,35.64319219999257
2021-09-06,4.218796912155512,0.5193906511777301,-0.09436910504751733,2944.2835712429683,36.81596566798832
2021-09-07,4.202134863129249,0.5214713893398796,-0.09439520195325435,2941.794982488721,36.31677339416277
2021-09-08,4.185675354852718,0.5235258728007589,-0.09442006473118685,2944.5790779360796,36.43274280193089
2021-09-09,4.169207854210532,0.5255813172979313,-0.0944449135713305,2947.5124007112267,35.48916703578124
2021-09-10,4.153139457251436,0.5275868896851067,-0.09446911986328264,2961.2989617798403,35.165684102163965
2021-09-13,4.137276449290248,0.5295685302647445,-0.09449468064523785,2963.718275339982,36.35439082132122
2021-09-14,4.120999704546777,0.5316018645166473,-0.09452091441370168,2955.590273038557,37.2213204582803
2021-09-15,4.104376422982808,0.5336765956523313,-0.09454588356952595,2945.0954617332395,38.044082197843785
2021-09-16,4.087401600513406,0.5357927652043507,-0.09456904283718014,2944.9387365196308,37.35769609864805
2021-09-17,4.070724049952042,0.5378714206501614,-0.09459135449195885,2941.97816012963,37.15839412697073
2021-09-20,4.054145829088758,0.5399367896007474,-0.09461265261203852,2919.4157984607987,35.97275188045823
2021-09-21,4.037980911308727,0.5419467544921639,-0.09462960386675412,2927.2846641543038,35.63696242528147
2021-09-22,4.02201275920673,0.5439331278790124,-0.09464719667933258,2935.507214875617,37.31800690432983
2021-09-23,4.0054562114585295,0.5459935591064464,-0.09466628878756028,2922.135093744323,38.670522409274646
2021-09-24,3.9883429225588567,0.5481203909778789,-0.09468324374161363,2906.079176479716,38.95801713467824
2021-09-27,3.971067254141719,0.550264059422113,-0.09469713087759764,2904.3687445088913,40.52003581556605
2021-09-28,3.953185390271575,0.5524818316067657,-0.09471046835414039,2907.861896278512,39.80925315617583
2021-09-29,3.935587427300771,0.5546642878224877,-0.09472352499254136,2916.6403232448192,39.14537105092835
2021-09-30,3.918285372487809,0.5568108944650048,-0.09473721343467825,2906.251350918854,41.19632146416423
2021-10-01,3.900178794817605,0.5590547856560474,-0.09474910787968038,2904.7809209851075,40.69873464378051
2021-10-04,3.8822347188172746,0.5612774156812431,-0.09475985638311127,2882.4097418207966,42.68339231333662
2021-10-05,3.863398134697887,0.5636053226406735,-0.09476610378744367,2852.4698269408723,48.076938802534606
2021-10-06,3.8423739732476485,0.5661961516126065,-0.09476596251516735,2849.643297038808,46.394112004650225
2021-10-07,3.821889271737048,0.5687186776728831,-0.09476414811857983,2881.381188747075,46.73587849160945
2021-10-08,3.8013972457980425,0.5712472025043609,-0.09476737203931011,2900.319932079807,46.121810670761
2021-10-11,3.7811608281966667,0.5737465554760967,-0.09477295988697787,2894.8829468593967,47.84259255259868
2021-10-12,3.760204352390922,0.5763323638120221,-0.09477644451531762,2897.344304421331,47.162351174262085
2021-10-13,3.7394574823013516,0.5788915335392739,-0.09477922935169852,2913.703164021468,45.6538213090512
2021-10-14,3.719284673238444,0.5813817222351022,-0.094783815826476,2922.9809366186378,45.711863756697845
2021-10-15,3.6990296645436778,0.5838821886763261,-0.09478869198261118,2918.7528983078823,46.01510126022477
2021-10-18,3.6785292756573122,0.5864104251911438,-0.09479132308323276,2903.605591235604,46.31222686798038
2021-10-19,3.657733599928144,0.5889704600519324,-0.0947896445944052,2915.5482213041964,46.67087200797948
2021-10-20,3.6367661587808118,0.5915523607328068,-0.09478878982883643,2912.944435416636,47.18852676593399
2021-10-21,3.6155344734113566,0.5941649509227944,-0.0947862220843092,2899.7062308856284,45.484737559485325
2021-10-22,3.594812630891346,0.5967109348142657,-0.09478005138716446,2835.223298637533,48.029257590287514
2021-10-25,3.57274164371564,0.5994084715684299,-0.09475973836469997,2766.8898296175266,53.782053569808205
2021-10-26,3.5480815963954493,0.6024060386868568,-0.09472115547535874,2762.4195030199726,53.33912880969744
2021-10-27,3.523498515433106,0.6053918673305277,-0.0946804803390233,2781.6889206744963,52.04899327759607
2021-10-28,3.4994346861941077,0.608317275102706,-0.09464336437269731,2729.3578144642297,53.503508327010096
2021-10-29,3.4745224610234957,0.6113332778372457,-0.09459276367601786,2738.598734285423,51.537351859722214
2021-11-01,3.4503207105644984,0.6142637227400084,-0.09454418711658555,2725.107491549138,54.910953534541676
2021-11-02,3.424643377632616,0.6173681524238738,-0.094488242979114,2734.350472655278,53.87676313176284
2021-11-03,3.3993277503080974,0.6204293464224492,-0.09443370295210603,2737.349633113046,52.880360965828245
2021-11-05,3.374379304657698,0.6234455454750846,-0.0943794562087049,2749.1831452150964,51.8545611363177
2021-11-08,3.349810348482225,0.6264168883134366,-0.09432716217065788,2774.043189153881,52.06216026098092
2021-11-09,3.325214573712819,0.6293952248279729,-0.09427860179397933,2804.4131218858433,49.3121668602166
2021-11-10,3.301767196200927,0.6322391314283282,-0.09423695427231331,2816.335158674031,48.15246641186186
2021-11-11,3.278762355867131,0.6350302928292044,-0.09419711889130608,2832.6241391616595,47.896430807084634
2021-11-12,3.2559046061302883,0.6378055909692777,-0.09415955738651206,2818.4539582630614,46.23832998641815
2021-11-15,3.2335545772084604,0.6405151104981182,-0.09411891975092815,2803.6039600334752,47.49372803534728
2021-11-16,3.210574026997199,0.6432969061277056,-0.0940731719724333,2782.0301073859705,48.09401196133069
2021-11-17,3.1871561567528652,0.6461259107014591,-0.09402109271456782,2789.771310168243,48.72258471070825
2021-11-18,3.1634162251678952,0.6489937560377629,-0.09396838665233724,2765.900839005738,48.01145226419692
2021-11-19,3.1397584181413407,0.6518455195702068,-0.09390997478252008,2757.389360330001,45.662054760351765
2021-11-22,3.116956512140479,0.6545911820149029,-0.09385092937638191,2695.1715128468145,43.69289603797162
2021-11-23,3.094636785359096,0.6572662080482168,-0.09378094137783947,2686.6137380261493,47.40972786470032
2021-11-24,3.070644724806363,0.6601387712108352,-0.09370299316100676,2719.861601281132,45.24856699102535
2021-11-25,3.047624684360515,0.6628997542650896,-0.09363304441325673,2755.7729571226882,43.25635897530296
2021-11-26,3.025528795812636,0.6655549679770476,-0.0935710009818487,2764.009670340476,37.87867824393523
2021-11-29,3.0058031462537604,0.6679257767696648,-0.09351608756831134,2804.797985732231,38.317982961157625
2021-11-30,2.9860581247153397,0.670304718708701,-0.0934668381828283,2811.5018615264953,38.38119950194938
2021-12-01,2.9663372244452035,0.6726811690373325,-0.09341808137325774,2812.3290363342444,40.78331336225054
2021-12-02,2.9456224171272947,0.6751769477906977,-0.09336644461164394,2813.1719494035865,40.32345235195835
2021-12-03,2.925159903006722,0.6776418931853591,-0.09331501485108572,2819.3745506554396,38.79177561173288
2021-12-06,2.905428816000293,0.6800191502500311,-0.09326584417527113,2796.93489797735,36.22412172536933
2021-12-07,2.8867749956355895,0.6822626375050576,-0.09321547926954854,2791.023215219336,38.77347844616976
2021-12-08,2.8669893448338257,0.684640576032661,-0.09316046218101193,2792.82038678701,35.118248844542975
2021-12-09,2.8488384269734315,0.6868216650600687,-0.09310965096453934,2812.655800525861,35.57613410382663
2021-12-10,2.830570608432473,0.6890191382089109,-0.09306083323086504,2822.006655697594,33.24667368902712
2021-12-13,2.8133924171808036,0.6910862745862358,-0.09301567657002109,2813.500106410394,28.605291030766054
2021-12-14,2.7983136334830903,0.6928991677629123,-0.0929744983699107,2810.5083678116152,28.78061639852776
2021-12-15,2.78319317721342,0.69471642402107,-0.0929325688593191,2813.7519382567193,28.718525281369512
2021-12-16,2.768137085983845,0.6965259473130825,-0.09289083718721736,2826.9306133359614,32.665442239996544
2021-12-17,2.751364576302746,0.6985432040954824,-0.0928457695994663,2857.1519563618067,30.31403498542222
2021-12-20,2.735762356968545,0.700423098453613,-0.09280719081167642,2857.1147559342603,28.41801304548026
2021-12-21,2.7210640665694608,0.7021937575125663,-0.09277053342944298,2857.7494788175345,29.228262567231035
2021-12-22,2.7060218859239815,0.7040055125650702,-0.09273271175189383,2878.773973956606,30.15089179962407
2021-12-23,2.690668788456305,0.7058570862760036,-0.09269642918228993,2889.953151479462,28.18892922549603
2021-12-24,2.6762585847312694,0.7075959054842433,-0.09266332550373506,2911.280557999026,27.185268689629293
2021-12-27,2.6623969655544517,0.7092707024702838,-0.09263361348618078,2903.6932893558605,28.823178870582478
2021-12-28,2.647799613369702,0.7110330720736713,-0.09260104820791933,2912.7409242757585,29.690902768473148
2021-12-29,2.6328564036785673,0.7128378616756028,-0.09256838635126238,2910.350576845839,28.54362047525123
2021-12-30,2.618447013621218,0.7145775242356954,-0.0925362604754002,2924.864512729672,29.484972159120137
2022-01-03,2.6036732299609184,0.7163625082933434,-0.09250464867142436,2957.2564821098786,30.272772189560058
2022-01-04,2.588685528133966,0.718177108509992,-0.0924762729299698,2957.9409445670576,30.95224254272417
2022-01-05,2.573427658784198,0.7200240551538695,-0.09244704753752003,2973.5514434408697,28.299445042907468
2022-01-06,2.559366829957411,0.7217273755509725,-0.09242140095058506,2926.244674558842,28.263027101991845
2022-01-07,2.5451957181152256,0.7234378543119193,-0.09238951602291917,2930.397399139099,28.721107966727022
2022-01-10,2.530837988417094,0.7251708473508135,-0.09235723348841522,2887.64117902251,29.471764953344138
2022-01-11,2.516063008921688,0.7269485240462474,-0.09231845803241172,2846.492838133248,32.98083695451777
2022-01-12,2.4996471143919266,0.7289174214810388,-0.09226932181883375,2837.6945071533446,34.96695963379244
2022-01-13,2.4823598965452933,0.7309889324352234,-0.09221575954979144,2750.9543916217094,33.58018625069672
2022-01-14,2.4653672335457877,0.7330119707143824,-0.09215026664303923,2701.8739161665753,33.12908416923479
2022-01-17,2.4483876249087184,0.7350257052842707,-0.09207730358725501,2677.51278327466,32.97228764844999
2022-01-18,2.4313927156234554,0.7370371318756246,-0.09200029009852781,2684.1756372254904,24.020945344730606
2022-01-19,2.418543068740344,0.7385580650191117,-0.0919422399851204,2730.2543425899294,25.879114864434925
2022-01-20,2.404892178315399,0.7401784822203975,-0.09188519612151622,2716.5559277339025,29.429324981098205
2022-01-21,2.3895194078388293,0.7420008648406292,-0.09181865313507792,2697.6047135014924,27.492733934908188
2022-01-24,2.3749771540823326,0.743721905839738,-0.09175293414678234,2630.631492444078,22.984918613368865
2022-01-25,2.3624132380474463,0.7452013272539785,-0.09168887302408198,2627.4392114372276,24.027227188158086
2022-01-26,2.349300456361476,0.746744509791072,-0.09162123148402257,2639.730360472278,27.197082333790945
2022-01-27,2.334634850931431,0.7484712556075387,-0.09154647682405201,2713.6364803400675,27.354198878064516
2022-01-28,2.3200395617736986,0.7501978416285011,-0.09148013802547635,2715.969839623036,28.447670850579154
2022-01-31,2.304893721148346,0.7519891137002087,-0.09141094777333685,2741.089600052225,28.794768326169894
2022-02-01,2.289606574982324,0.7537994447955679,-0.09134350475982644,2748.0351544891187,29.116616073990254
2022-02-02,2.2741573213844823,0.7556291163778662,-0.09127556313028697,2773.653716728633,27.76649004980014
2022-02-03,2.2593623383207646,0.7573835736104549,-0.09121281682105609,2778.955711074949,24.909511373870963
2022-02-04,2.2459051864631974,0.7589792488637302,-0.0911556894872655,2793.3796128671743,24.258442497806243
2022-02-07,2.23277157255951,0.760537476348247,-0.09110089850727383,2795.270631347682,24.166152682205055
2022-02-08,2.219660124641412,0.7620926546471591,-0.09104585464109835,2803.8448756192847,26.670702465861208
2022-02-09,2.2053472360945476,0.763790729591067,-0.09098620776442022,2811.4394363116357,29.432985573182393
2022-02-10,2.18971004541131,0.7656460652769044,-0.09092126949858008,2813.757572885116,29.92448373054144
2022-02-11,2.1738192334141413,0.7675309821272805,-0.09085485364472363,2714.38499297098,30.660168295364485
2022-02-14,2.157271909109906,0.7694797904453177,-0.09077205910545219,2632.735097418714,32.2343445572381
2022-02-15,2.139713947673165,0.7715353634593355,-0.09067225860273911,2720.6352296735927,32.33269792040234
2022-02-16,2.1223322473291697,0.7735816013988616,-0.0905846460300788,2754.36717208965,32.38648924331993
2022-02-17,2.104969650017184,0.7756292550834847,-0.09050083268116409,2740.8368774718633,28.102479533134627
2022-02-18,2.0895707159890318,0.7774428372353627,-0.0904241415380348,2736.1743934752676,24.016583449203765
2022-02-21,2.076157048392393,0.7790214793330659,-0.09035629321477871,2553.3909828212927,18.93517367420523
2022-02-22,2.0650112366446476,0.7803166530440225,-0.09028369707849299,2503.8922976038402,23.197791013296197
2022-02-24,2.0514759600117656,0.7818836983701163,-0.09018992054106179,1777.0210724370056,15.818547788940695
2022-02-25,2.0406425769887755,0.7830729179766737,-0.09005104243934593,2092.8447546264247,18.044111706746424
2022-03-24,2.0290582178639887,0.7843753924468878,-0.08993294197830169,2042.0175394918945,26.272666621737173
2022-03-25,2.012318678240516,0.7862505598731089,-0.08975586292335229,2099.0573853193787,18.34502559928972
2022-03-28,2.0001411306347747,0.7876201533337711,-0.0896326712066495,2116.0071339805436,14.872013471309486
2022-03-29,1.9900308368824269,0.7887584782582292,-0.08953176897937228,2277.9468191158753,5.730738741951469
2022-03-30,1.9860252937883178,0.789214389835774,-0.08949669675979424,2416.1540580627334,4.009510139222727
2022-03-31,1.9832232828309273,0.7895361289818691,-0.08947497313594249,2588.964822747976,4.424362055659126
2022-04-01,1.9801805652061972,0.7898891951195744,-0.08945505091695898,2506.5679503866995,10.09635703569327
2022-04-04,1.9733132189386795,0.7906817623944788,-0.08940592356908333,2455.25072306751,13.539931942964722
2022-04-05,1.964130495362761,0.7917378016323919,-0.0893366386072175,2491.9087563416633,6.857443845945821
2022-04-06,1.959318497898426,0.7922922279475961,-0.08930140504775516,2487.4361970299437,4.984803353674261
2022-04-07,1.9557709182451648,0.7927007382184408,-0.08927523301735923,2512.108517068553,4.907490345015342
2022-04-08,1.952283800258612,0.79310280645147,-0.08925004171364054,2780.5039668564996,-6.753594639492599
2022-04-11,1.9572519094342284,0.7925210633192583,-0.08927710191537815,2816.2108425296883,-9.198559945071217
2022-04-12,1.964111834930574,0.7917164235529268,-0.08931305573610171,2818.435624456205,-9.843958189030344
2022-04-13,1.9715175200856314,0.7908479646449008,-0.08935199426531776,2873.862715530356,-12.020153699882163
2022-04-14,1.9806721584765243,0.789771494637371,-0.089397170651861,2881.548227135408,-16.54729296720536
2022-04-15,1.993670594146649,0.7882429725039996,-0.08946112088895507,2880.8328815734267,-15.823301812788904
2022-04-18,2.006121171592587,0.7867794066158283,-0.08952278013997944,2987.0466333573017,-21.573705149457524
2022-04-19,2.023623930991536,0.784711003619128,-0.08959848886977814,3031.932353035781,-23.564917347855786
2022-04-20,2.042995906856885,0.7824169954447743,-0.08967746970665956,3093.6685438071527,-24.661289113676666
2022-04-21,2.0633611723080127,0.7799981747719792,-0.0897532633717254,3164.8479782874942,-28.241419000830803
2022-04-22,2.087156902681129,0.7771623313084507,-0.08983220388834377,3151.4948802845092,-29.169169400697882
2022-04-25,2.1119771414054416,0.7742068836705424,-0.08991682568449987,3137.3430124106308,-30.316194584022217
2022-04-26,2.1380035955328416,0.7711100730769179,-0.0900076610577568,3197.1339712731224,-27.483176468930637
2022-04-27,2.161070633701072,0.7683573610673772,-0.09008010848399721,3134.2354650388165,-22.651631409257366
2022-04-28,2.179583533136792,0.7661550364697508,-0.09014499448871421,3092.616724562503,-22.924170296686075
2022-04-29,2.1983921650335687,0.7639222979911091,-0.09021553887416427,3125.7202142315136,-21.772588958312532
2022-05-04,2.2160651020040025,0.7618209321183518,-0.09027834949348608,3117.795753919739,-23.88340393958046
2022-05-05,2.235662186097816,0.7594916006757029,-0.0903487517190362,3065.466069372448,-21.551896332282595
2022-05-06,2.253112766910684,0.7574227619769235,-0.0904166752670381,3070.064301810681,-22.052772686597333
2022-05-11,2.2710186327405495,0.755299647922108,-0.09048598070521467,3059.6050044975846,-21.978817641789338
2022-05-12,2.288818990125818,0.7531900524619535,-0.09055581833788218,3044.594568502633,-24.525583019412377
2022-05-13,2.3089361499668275,0.7508074235429885,-0.0906362254492685,3061.503076140029,-24.628525838056092
2022-05-16,2.3290369174013184,0.7484242580727533,-0.09071408312187604,3036.5438822382575,-22.128574731578166
2022-05-17,2.346760264668167,0.7463252609784349,-0.0907849763323636,3071.2592064161213,-21.071461668365565
2022-05-18,2.3634230270123044,0.7443480877075882,-0.0908478554100339,3037.347836105999,-19.492263252437613
2022-05-19,2.3786345266789284,0.7425459343598003,-0.09090802934231049,3072.0891748896665,-20.686872636517496
2022-05-20,2.3947546811303813,0.740632257452479,-0.09096797057551652,3073.3618994162453,-22.77967653432622
2022-05-23,2.41261834342762,0.7385109797811656,-0.09103377745480183,3051.362634699741,-24.563210749727705
2022-05-24,2.4319908512653994,0.7362125633104666,-0.09110715609097561,3048.161122489732,-24.75397763335504
2022-05-25,2.451405050453906,0.733908883454544,-0.0911803867094736,3204.9214256245486,-26.981673207667956
2022-05-26,2.4725382256261903,0.7313798161091232,-0.09123894508187316,3235.038979893653,-25.40862675851512
2022-05-27,2.492135943252667,0.7290305249391289,-0.09128927674361946,3204.685945755967,-24.872825582537285
2022-05-30,2.5112313411467437,0.726744817881939,-0.09134159534455678,3187.550276989116,-24.69483486022529
2022-05-31,2.5301081518944355,0.7244869253397779,-0.09139491352916228,3204.372424368746,-26.483264489330473
2022-06-01,2.550507030914852,0.7220446334469767,-0.09145016075211011,3316.2382218625467,-28.394770184322915
2022-06-02,2.572453206811487,0.7194016522933736,-0.09149428773981683,3333.40719841563,-29.79645567717367
2022-06-03,2.5955728055505083,0.7166143117967688,-0.09153773617544778,3360.1304165476213,-31.311297066517007
2022-06-06,2.619983645555109,0.7136666870751815,-0.0915790156425326,3366.5570989404696,-32.21086311833991
2022-06-07,2.6451659786597923,0.7106244314288962,-0.09162008089084558,3363.69303604077,-31.871904616559544
2022-06-08,2.6699565623978003,0.7076294536242826,-0.09166039321773217,3354.921883681173,-30.882146279493927
2022-06-09,2.693759523623834,0.7047546433471992,-0.09169987599125719,3365.0338228171554,-31.828619835995998
2022-06-10,2.7183718787787496,0.7017801553797837,-0.091738731322752,3360.690247203457,-31.992542249263888
2022-06-14,2.743045927185858,0.6987981813626112,-0.0917776114242873,3347.4423867076302,-31.597030344947065
2022-06-15,2.7672233601855263,0.6958771500341341,-0.09181661983451724,3347.0001347992984,-30.715270194064225
2022-06-16,2.7904558632396546,0.6930693813408841,-0.09185320627358577,3356.165402737712,-29.391143890973524
2022-06-17,2.812359335996255,0.6904201045595542,-0.09188558800832547,3347.1254815270936,-29.671593939584863
2022-06-20,2.8344019255861883,0.6877544269029638,-0.09191858933423969,3345.9340862190566,-28.139648359989078
2022-06-21,2.854963719385119,0.6852670265413497,-0.09194859409426798,3363.357802876135,-29.867408160294694
2022-06-22,2.876874964537448,0.682612924331781,-0.09197716877081853,3344.1027127910206,-29.023711176053048
2022-06-23,2.8978940655490475,0.6800681644168457,-0.09200588973782459,3383.29741706149,-28.92909775314918
2022-06-24,2.918609806064725,0.6775534807157757,-0.0920276780337298,3392.820338881527,-29.512624862759974
2022-06-27,2.939556512041609,0.6750073496348191,-0.09204646604389029,3412.2699493251566,-29.165627693728602
2022-06-28,2.9599908475180254,0.6725192653419458,-0.09206068827421343,3390.734284455617,-28.960815035179756
2022-06-29,2.9798468094413146,0.6701006928348135,-0.09207390332414014,3360.251480286146,-29.215119345845743
2022-06-30,2.999561006944554,0.6677001648623838,-0.09208805248147992,3304.8903937268333,-33.285230754244424
2022-07-01,3.022321247515279,0.6649341407974614,-0.0921100049706637,3271.896261981303,-32.55868085916076
2022-07-04,3.0441990496145883,0.6622777749469791,-0.09213369054370112,3232.1730414498784,-31.790161859309364
2022-07-05,3.0652217978062053,0.6597289988669174,-0.09216034129225173,3207.3804546796523,-30.577615238900847
2022-07-06,3.0851357494543312,0.6573169064751532,-0.09218788478089639,3203.746846071444,-30.64745416060093
2022-07-07,3.104892746591894,0.6549225268440585,-0.09221404945913587,3213.7084244629236,-30.714000590389002
2022-07-08,3.124454679632885,0.6525482373877896,-0.09223659335622957,3211.1759086622137,-30.788282448036142
2022-07-11,3.1438311657708806,0.6501946734710564,-0.09225732126168157,3195.1455058378524,-32.324208833394685
2022-07-12,3.164172485553774,0.6477244038188545,-0.09227971089077117,3160.613610041388,-32.48874227393907
2022-07-13,3.1844858623842525,0.6452613932223421,-0.09230599730870952,3140.1100054045974,-33.961549231368096
2022-07-14,3.2057437569635683,0.6426854179310011,-0.0923351793795472,3123.1114425376254,-33.934474066557655
2022-07-15,3.2267399261644014,0.6401417216837558,-0.09236473922749269,3108.241153825876,-32.13139214106888
2022-07-18,3.246130027910392,0.6377926640466799,-0.09239228866272607,3076.247209214449,-31.851380678364194
2022-07-19,3.2650890844171485,0.6354987105799913,-0.09242227247185884,3061.250440233335,-32.33876024066418
2022-07-20,3.2841477149410014,0.6331928071939711,-0.09245272419597333,3062.4369630718493,-32.23566639822746
2022-07-21,3.3028444122151237,0.6309279444921775,-0.09248011667533883,3084.794701623233,-33.42701221188673
2022-07-22,3.322090155219094,0.628590166710369,-0.09250221382593769,3150.9741993354414,-33.45708763841302
2022-07-25,3.3410070026733085,0.6262783457751736,-0.09251034086701682,3138.3139976660073,-32.16230110870592
2022-07-26,3.3588285420153507,0.6241002897252483,-0.09251807656052144,3137.554767839014,-30.12329147293177
2022-07-27,3.375141681903073,0.6221051988978392,-0.09252389477816869,3132.2452675309746,-29.883524040529775
2022-07-28,3.3911250762571328,0.6201494721444664,-0.09252878664730667,3139.305854741942,-30.266112914953492
2022-07-29,3.407226009824848,0.6181770868416461,-0.09253154223111743,3137.4607782398234,-29.439436650360594
2022-08-01,3.4226836283362227,0.616282588156209,-0.09253335510844952,3131.08209768283,-30.372633741753862
2022-08-02,3.438585844849982,0.6143330581845746,-0.09253480210795628,3116.267112726904,-31.414736841035882
2022-08-03,3.4550152307226245,0.6123197395120533,-0.09253724030760703,3104.185243371341,-31.578825569917058
2022-08-04,3.4714087938199287,0.6103111878572437,-0.09254016421283612,3097.5740936224634,-31.66975394203527
2022-08-05,3.487707788306123,0.6083136544767317,-0.09254263841438129,3059.635691240407,-32.85834630961668
2022-08-08,3.504638211671648,0.6062435630250791,-0.09255010634173394,3052.78894160967,-31.590423054309426
2022-08-09,3.520568187664098,0.6042947452533401,-0.09255629664767866,3057.992599079005,-30.12409511247497
2022-08-10,3.5354595453275404,0.6024707001712023,-0.09255994532721208,3043.2464675410633,-29.302472772164013
2022-08-11,3.5497848634438545,0.6007172315821864,-0.09256474422885749,3003.351715502093,-28.97568443317029
2022-08-12,3.5638650306884614,0.5989988058367243,-0.09257449500003403,2995.916626996948,-28.324774439653066
2022-08-15,3.577462240378615,0.5973392866594072,-0.09258396877576756,2993.7721408277844,-27.679198744853718
2022-08-16,3.5905779453931577,0.5957376957301185,-0.09259237963390747,2988.3833180646407,-26.10285345086938
2022-08-17,3.6027496873001352,0.5942513525254081,-0.09260021415325863,2980.545349090983,-26.571826841437773
2022-08-18,3.615109434924366,0.5927424108466541,-0.09260857438902613,2975.148907483901,-26.245372307911154
2022-08-19,3.6272180017651348,0.5912641117248326,-0.09261679778276491,2952.112462163644,-25.641044230708722
2022-08-22,3.638969767657694,0.5898319235328112,-0.09262731788604284,2940.117423921644,-24.21697236064607
2022-08-23,3.6499280750174776,0.588497453117417,-0.09263815722161238,2933.612234899605,-22.9591432325975
2022-08-24,3.6601909763551297,0.5872479833640651,-0.0926486467697061,2936.9978043413075,-23.451764360299975
2022-08-25,3.6706003648943057,0.5859793457564073,-0.09265806910151311,2938.3042213720773,-23.54978141265971
2022-08-26,3.680964658255638,0.5847151883604229,-0.09266653617350501,2938.0440990603524,-22.775495414597824
2022-08-29,3.6908652578440595,0.5835069303355668,-0.09267403917019967,2944.4611683360936,-22.011876920161622
2022-08-30,3.7002922327246677,0.5823549055154369,-0.0926797279102096,2935.8928264390192,-21.43378057850539
2022-08-31,3.7093729828543687,0.5812454576548265,-0.09268553663494004,2939.3805704722354,-18.347422443007865
2022-09-01,3.716978761541609,0.5803157141260133,-0.09268990886850878,2941.885306709306,-16.863856166583325
2022-09-02,3.7238503517310835,0.5794750071984905,-0.0926932113781193,2971.2575596538913,-16.821414825852788
2022-09-05,3.7306226298840164,0.5786434525534206,-0.09269357500269879,2984.648298997401,-16.625352446520637
2022-09-06,3.7372420116991476,0.5778290422467814,-0.0926923832776358,2978.982863009038,-18.585298689828623
2022-09-07,3.744667829444967,0.5769153492844428,-0.09269104703375708,2979.7033594105587,-19.402379689397144
2022-09-08,3.7523727897128474,0.5759664109134803,-0.09268886872788672,2945.9324016242417,-18.86202145432383
2022-09-09,3.759793327201269,0.5750550256433449,-0.09268932971797035,2939.1421377907914,-17.456867131184406
2022-09-12,3.766566492634773,0.574223357301527,-0.0926899910995601,2945.3764645571146,-16.83066563892216
2022-09-13,3.7730221784912295,0.573429719107154,-0.09268972846869607,2921.3996325433673,-16.242544404315538
2022-09-14,3.779196907901905,0.5726721177915792,-0.09269100075994229,2926.3999234351077,-16.761547849527368
2022-09-15,3.7855518349632735,0.5718917043718068,-0.09269164428808609,2925.245926390319,-16.36292942320129
2022-09-16,3.7917033759693073,0.5711360164692167,-0.09269205526676257,2890.299550560852,-15.746449203596836
2022-09-19,3.7975952692169535,0.5704147629365561,-0.09269496683976294,2840.060146979659,-14.4194181033516
2022-09-20,3.8029524084740065,0.569762432014243,-0.09270103861909408,2684.412160706542,-17.461631547041133
2022-09-21,3.809630393012349,0.5689634498186574,-0.09272259549521171,2705.9542113871084,-21.25846065563063
2022-09-22,3.8179119914575823,0.5679699874852102,-0.0927467455519281,2619.8328547674905,-16.373672617582347
2022-09-23,3.8241400379795425,0.5672302730600244,-0.09277220827936573,2587.200953530621,-19.22274158302002
2022-09-26,3.8315511192185756,0.5663532127198732,-0.092805671347577,2530.492436439604,-23.597874778862483
2022-09-27,3.8408780241938945,0.5652566839115823,-0.09285500813513231,2575.382133253984,-24.148732152155926
2022-09-28,3.850373210610507,0.5641338078613998,-0.09289879166835407,2508.2742611734975,-21.704734191180243
2022-09-29,3.858792394626921,0.5631461831221919,-0.09294553384650975,2449.7695705364667,-20.246784697707287
2022-09-30,3.866550769053315,0.5622424922640361,-0.09299501003069359,2411.060311899775,-18.81953386484332
2022-10-03,3.8736402655509585,0.5614205072050752,-0.09304407084609528,2519.459101405997,-18.952445036298716
2022-10-04,3.8806521600801274,0.5605955214564018,-0.09308083538049852,2539.003363230433,-19.400658162331364
2022-10-05,3.88778264868151,0.5597541256096167,-0.09311585832199036,2528.3964051447842,-19.71670281330895
2022-10-06,3.8950047713524354,0.5589028010556037,-0.09315224835688049,2567.343633083966,-21.29491455833039
2022-10-07,3.902827580811673,0.5579757964305605,-0.09318687070028493,2561.4893240623587,-24.077372420364007
2022-10-10,3.911814917989898,0.5569114435287023,-0.09322727709867465,2520.905613857876,-23.95708948950457
2022-10-11,3.920786140352109,0.5558545387587771,-0.09327303076754018,2561.791700446307,-23.902478110910753
2022-10-12,3.929708926336673,0.5547976575069596,-0.09331288590810431,2576.730718770554,-24.258674537353343
2022-10-13,3.938783088511261,0.5537207419640345,-0.09335128957278413,2595.4004478038764,-24.66673103742385
2022-10-14,3.94800983404738,0.5526229456896041,-0.09338758370860818,2599.386446360527,-24.94459595526394
2022-10-17,3.957343447762629,0.5515117106863289,-0.09342356481977548,2622.3354001315415,-23.242084139998585
2022-10-18,3.965911064184725,0.5504884707233787,-0.09345343421256541,2623.1027048317665,-22.519236617906323
2022-10-19,3.9741529007963954,0.5495038342817189,-0.09348187122095998,2631.7701245135586,-24.826261170295925
2022-10-20,3.9833469290190204,0.5484040490653723,-0.0935122143738426,2640.078452810087,-23.278416296907512
2022-10-21,3.991858905081916,0.5473845631911669,-0.09353903656729165,2648.173903736384,-22.82568765153711
2022-10-24,4.000117130196691,0.54639396413782,-0.09356364241405919,2648.8974686570305,-22.082676871354867
2022-10-25,4.008013559181684,0.5454462154053998,-0.09358669382552286,2650.0566122252544,-19.599830804712816
2022-10-26,4.014872370253827,0.5446225160696304,-0.09360628405552822,2631.516840438501,-19.416058167933336
2022-10-27,4.0216269457889435,0.5438129510614232,-0.09362721787790301,2610.6210251238817,-17.083330779607074
2022-10-28,4.027486807515748,0.5431124417849469,-0.09364717195561369,2613.7286955618483,-17.064842893572397
2022-10-31,4.033317196265326,0.5424150174814785,-0.09366660752604128,2582.3822102140107,-16.10033590571994
2022-11-01,4.038781055831393,0.5417640108830043,-0.09368737368554196,2579.4498343689625,-15.70489291830195
2022-11-02,4.044092609957885,0.5411313476616412,-0.0937077470215304,2552.280872865296,-14.827555888879985
2022-11-03,4.049086430546913,0.5405386585259813,-0.09372899353987281,2559.8076280273413,-15.778046115855515
2022-11-07,4.054425446399459,0.5399043464181598,-0.09375104480837802,2545.1952717848417,-13.217660566724499
2022-11-08,4.0588352623432025,0.5393814409312465,-0.0937702441628043,2508.9701357506688,-12.027649570264066
2022-11-09,4.0628273256008125,0.5389103845009358,-0.09378990027476826,2538.38515575687,-14.648098414600252
2022-11-10,4.06773036609842,0.5383293833818757,-0.093811639380507,2562.102054852183,-13.741921567308369
2022-11-11,4.072291372573303,0.5377871167928912,-0.09383008464755749,2566.4028540612917,-13.597352945156816
2022-11-14,4.076791370181526,0.537251744715147,-0.09384792567215765,2540.9990722983225,-11.65797640494156
2022-11-15,4.08060429238343,0.5367996228960952,-0.09386453474327326,2559.2474102934143,-13.128367696771203
2022-11-16,4.084914714836684,0.5362871586244492,-0.09388198446633231,2594.9332328292962,-14.171587468103752
2022-11-17,4.089570619673167,0.5357308506077008,-0.09389810432388003,2600.7818910945557,-14.912895711194219
2022-11-18,4.0944718066102155,0.5351446604637556,-0.09391451782413476,2606.7979767454235,-15.362831347806182
2022-11-21,4.099516089032369,0.5345407577138074,-0.09393082914492447,2597.5776195818385,-16.602684606254982
2022-11-22,4.104989733093802,0.5338861304891537,-0.09394921469859502,2600.566243968725,-15.55531395929285
2022-11-23,4.110066161732554,0.5332786160522696,-0.09396589492653866,2596.4806688956037,-14.811998159770123
2022-11-24,4.114864500449595,0.5327045885418563,-0.09398187689461257,2603.75275775804,-15.086023685914896
2022-11-25,4.119730773649154,0.5321216701304083,-0.09399735992926463,2607.11070837806,-15.800660365295228
2022-11-28,4.1248298338973814,0.5315104611272977,-0.09401319603199497,2593.044784911026,-16.027289128571155
2022-11-29,4.129972241301274,0.5308949601022925,-0.09403011499274021,2580.470996625511,-15.313134584432486
2022-11-30,4.134820807549075,0.530315309652636,-0.09404680963236856,2584.48357020762,-15.862107808821813
2022-12-01,4.13984689784689,0.529714017697679,-0.09406370395684689,2578.278337316639,-15.164706294804574
2022-12-02,4.144621508493633,0.5291432184665105,-0.09408016168074337,2567.0434346934967,-15.060260744659226
2022-12-05,4.149349244489227,0.5285788274525313,-0.09409726156330286,2553.9186812847647,-13.53366040264402
2022-12-06,4.15355562184311,0.5280775602686167,-0.09411335028529955,2553.1423842573327,-13.978945571464862
2022-12-07,4.157902457616042,0.5275595559396989,-0.09412997809188627,2559.7172949016926,-14.331164446649613
2022-12-08,4.162356892673444,0.527028166043914,-0.0941464616551728,2577.5252767739617,-15.250879605959133
2022-12-09,4.167097631593523,0.5264610362557888,-0.09416245762091807,2570.8757260430443,-15.287620559083525
2022-12-12,4.1718352600127515,0.5258946985668868,-0.09417887317161402,2569.826742543543,-15.435544193572104
2022-12-13,4.176611601858971,0.5253237375615848,-0.09419543135960214,2572.580040435729,-15.478625899946119
2022-12-14,4.181379959200367,0.5247533479316484,-0.09421160693707835,2564.6702096779027,-15.786053432918735
2022-12-15,4.186247255402836,0.5241717448031681,-0.0942287267804369,2556.760936566253,-16.816626475203154
2022-12-16,4.191458618241714,0.5235496939457026,-0.0942477085578744,2553.6534448387324,-16.48240271950109
2022-12-19,4.196549819264057,0.5229421998088819,-0.09426645931483789,2546.622838046527,-16.36060243479661
2022-12-20,4.201603616559718,0.5223397934514802,-0.09428566735499011,2535.0008435904233,-16.395688571122868
2022-12-21,4.206676902182792,0.5217361174987113,-0.09430596311082867,2541.4688485317574,-16.735945781018778
2022-12-22,4.211878395412474,0.5211166754792591,-0.09432622041895149,2547.0608126324323,-16.652559315773274
2022-12-23,4.217079947952458,0.520496901894514,-0.09434608103854349,2555.336135820765,-16.87903715579977
2022-12-26,4.222389403558978,0.5198637143258379,-0.0943657220842237,2563.1815566220616,-16.54083205798347
2022-12-27,4.227607483483413,0.5192408933619916,-0.09438443014821411,2537.395254040996,-15.231180614273809
2022-12-28,4.23241403239549,0.5186695081385683,-0.09440387513189026,2555.8983121406136,-16.2810981236612
2022-12-29,4.237612628098178,0.5180500977920112,-0.09442341958117927,2556.6154182301366,-16.01943785951423
2022-12-30,4.242748003514812,0.5174383342851219,-0.09444276793935481,2563.6910574489725,-15.97583516387191
2023-01-03,4.247884499189835,0.5168259407911427,-0.09446157713734889,2592.025158662276,-16.178282732359627
2023-01-04,4.253139752998494,0.5161972965683289,-0.09447863422497486,2600.559026057433,-16.617158915734198
2023-01-05,4.258556945632849,0.5155485776903015,-0.0944954873290418,2610.454979612679,-17.38336738831666
2023-01-06,4.264243187700897,0.5148666933074971,-0.09451222682229768,2582.284171967838,-16.492924233171603
2023-01-09,4.269633443825444,0.5142228877695929,-0.09453060055717069,2568.0705013645143,-15.753870508989154
2023-01-10,4.2747677570025004,0.51361086838734,-0.0945492774788558,2570.2967121158754,-15.98207359405267
2023-01-11,4.279977950128082,0.5129895765075924,-0.09456799423841863,2557.5474553747517,-14.489172218329504
2023-01-12,4.284658468639705,0.5124323859114611,-0.09458572925750172,2562.479973732205,-14.694747962606202
2023-01-13,4.289406936723655,0.5118667009357536,-0.09460330812233275,2568.3769958826506,-14.345129101891574
2023-01-16,4.294037145063843,0.5113146890186276,-0.09462001173039807,2574.2073085124557,-13.569509625637266
2023-01-17,4.29840071658305,0.5107940775265407,-0.09463534601593268,2583.883638812293,-14.979143526378047
2023-01-18,4.303269952590524,0.5102124810278593,-0.09465176326057437,2585.547906805316,-15.056302216666994
2023-01-19,4.308177729113896,0.5096262303024328,-0.09466822070598452,2582.507412498729,-16.018440469778618
2023-01-20,4.313443857858604,0.5089975374075486,-0.0946861930178561,2586.669987138575,-16.236318866604428
2023-01-23,4.318800603918655,0.5083577522760399,-0.09470415978424752,2587.2822680797813,-15.536467475507242
2023-01-24,4.32393120278918,0.5077450975507991,-0.09472142226915822,2581.903703467206,-15.846977674564656
2023-01-25,4.329191292831318,0.5071175439646102,-0.0947396288807513,2588.277345668804,-16.15465770577075
2023-01-26,4.334571785967622,0.5064751433739441,-0.09475773673088483,2584.4115665435506,-16.154221407618643
2023-01-27,4.339960847996097,0.5058321011713511,-0.09477621590847078,2588.466387341047,-15.419029170822329
2023-01-30,4.3450933250114,0.5052194166321756,-0.09479351956873013,2575.5692904134266,-14.410767040705352
2023-01-31,4.34987926453129,0.5046491750793838,-0.0948106749061448,2595.339795845487,-14.246296243649926
2023-02-01,4.354617771860527,0.5040832099184499,-0.09482625551804273,2597.3793345686395,-14.138456007606104
2023-02-02,4.359330065934657,0.5035203206106516,-0.09484165485957838,2611.170871075228,-14.079157942040199
2023-02-03,4.364024655694325,0.5029585845282128,-0.09485601667365966,2600.4165204260057,-13.540773859117039
2023-02-06,4.3685383365627315,0.5024193359778034,-0.09487062069525032,2608.979269939311,-12.9019526455318
2023-02-07,4.37282600911266,0.5019065533051315,-0.09488394095384355,2603.93671980213,-12.913014254343357
2023-02-08,4.3771326781148305,0.501391950192835,-0.09489772540866517,2598.9822640825487,-13.351851949056904
2023-02-09,4.381612795219529,0.5008570854540879,-0.09491247987332253,2582.3430039322784,-12.38770385828527
2023-02-10,4.3857693559317,0.500362063654951,-0.09492731984033734,2583.330641797468,-12.454876529997561
2023-02-13,4.389969996566942,0.49986187252015973,-0.09494234588617304,2553.0125956002166,-11.309877440394411
2023-02-14,4.393788594865892,0.49940912285581956,-0.09495787752488004,2571.81062345094,-13.203951346747278
2023-02-15,4.39831517568673,0.4988712873468017,-0.09497509842758145,2538.794473083263,-14.665798158567666
2023-02-16,4.403419414482002,0.49826757927514526,-0.09499718083758237,2554.4217270531976,-15.677197027100675
2023-02-17,4.408929854927932,0.4976146554800426,-0.09501979691890405,2560.2689749696824,-15.287025652229257
2023-02-20,4.414315697928623,0.49697616332193745,-0.09504150918110957,2539.464775890497,-14.01455847190074
2023-02-21,4.419247789497285,0.4963931653056045,-0.09506301096276375,2547.476908591373,-13.152500321451111
2023-02-22,4.423871445179175,0.49584617356442345,-0.09508267105486662,2556.391396514416,-13.456131834250451
2023-02-24,4.428633755961334,0.4952822956505615,-0.09510238247190866,2571.211986534218,-14.124933628041969
2023-02-27,4.433663342302482,0.49468575508431273,-0.09512215166639208,2585.6229881096165,-13.324563932714028
2023-02-28,4.438412767144634,0.494121617315066,-0.09513993725574937,2579.784131219332,-12.660909386435893
2023-03-01,4.442933903918071,0.49358514082622124,-0.09515734956181335,2587.450949107042,-11.895914363643012
2023-03-02,4.447175215541972,0.4930814850593893,-0.09517326762462333,2593.4756253271644,-13.078034048782605
2023-03-03,4.4518873843035704,0.4925216451136544,-0.09519063553903495,2596.418940948313,-12.487158209911065
2023-03-06,4.456386302833579,0.4919870576158748,-0.09520709269110733,2604.2727817463174,-11.909381533310114
2023-03-07,4.460675241492106,0.4914770382220291,-0.09522236457413413,2607.7569815230718,-11.970324832214818
2023-03-09,4.465004073718143,0.4909621891583205,-0.09523764896646629,2613.725681535415,-12.380246474271427
2023-03-10,4.469507744331613,0.49042629777790187,-0.0952532597070765,2624.54977722417,-13.270839069112494
2023-03-13,4.474374967068571,0.48984654058200255,-0.09526948361777965,2622.9021642948815,-13.474851220380735
2023-03-14,4.479341963654509,0.4892551577299687,-0.09528624553796701,2626.4655203280727,-12.798398369459063
2023-03-15,4.4840601765895585,0.4886933034676988,-0.0953020273969804,2608.5407357333393,-13.282166959755592
2023-03-16,4.488982732622586,0.48810842925002373,-0.0953197549704167,2608.9122934561046,-13.4420882731758
2023-03-17,4.49398379500636,0.4875143114320875,-0.09533780420345139,2586.1996603024577,-10.185588697805736
2023-03-20,4.4977160645789995,0.48707216568025424,-0.09535247308946045,2594.033547957302,-7.589475784240807
2023-03-21,4.50046444064579,0.4867463352371203,-0.0953630131788688,2596.3797872702094,-7.634853276940068
2023-03-22,4.503233625556199,0.48641799722202067,-0.09537357491040985,2605.0981206692463,-8.107875822158462
2023-03-23,4.506180208154913,0.4860682923122219,-0.0953844723225887,2612.9961406687075,-8.59726262784365
2023-03-24,4.50930755071898,0.48569679335798854,-0.09539569422275604,2618.681492029014,-8.6742695788105
2023-03-27,4.512460582412194,0.4853220038381792,-0.09540676301767982,2624.543099699784,-7.005527922967458
2023-03-28,4.514982110586632,0.4850220860042104,-0.09541541605617283,2633.070706750541,-7.249357423679125
2023-03-29,4.5175921523421465,0.4847113498133366,-0.0954240775376224,2634.758975240989,-6.599805783945922
2023-03-30,4.519960895019264,0.4844293185321262,-0.095431904173446,2633.1512383815525,-6.350612754181717
2023-03-31,4.52223546356689,0.4841585654286225,-0.09543947719312808,2631.946632686576,-6.887549710745333
2023-04-03,4.524708793105667,0.48386421979516053,-0.09544776835089835,2624.2713901704296,-5.752125741866432
2023-04-04,4.526765361055379,0.483619732201849,-0.09545490618933906,2614.3575466405428,-5.122005856184996
2023-04-05,4.528587457215974,0.4834033681939569,-0.09546147407393261,2621.1805414436863,-4.5926077788363
2023-04-06,4.530222636529602,0.48320910642099424,-0.09546725957614634,2614.9363139270454,-4.460388320199038
2023-04-07,4.5318147698761715,0.4830201484067926,-0.0954730660600353,2621.4823776026715,-4.314062095893001
2023-04-10,4.533358212475274,0.4828368835269845,-0.09547859605878938,2628.6333639816453,-3.0922290303172506
2023-04-11,4.534461755391667,0.4827057877542563,-0.09548247562441226,2628.1878962265696,-3.595553284536668
2023-04-12,4.535753138204262,0.4825524373392967,-0.09548706170758813,2629.198021045512,-3.4507869060936724
2023-04-13,4.536994403647253,0.48240505878187173,-0.09549148027626396,2638.313551865812,-3.564153767823053
2023-04-14,4.538280633848191,0.4822522279582532,-0.0954959354492455,2644.245726285117,-3.3807647071707136
2023-04-17,4.539501754791255,0.4821070717061555,-0.09550009502310916,2642.5020323925187,-1.7556100931553575
2023-04-18,4.540131827942108,0.4820322068508643,-0.09550226909824683,2653.747621696819,-1.4367463350731136
2023-04-19,4.5406475046010595,0.48197087340363615,-0.09550398424000217,2657.169573919686,-1.9050185737681469
2023-04-20,4.541333958835644,0.48188921762813597,-0.09550625232147676,2660.0494001185425,-0.8345484154374416
2023-04-21,4.54163331944427,0.4818536039183466,-0.09550723582300813,2661.4221062191937,-0.8067907067059399
2023-04-24,4.541923310905082,0.48181910970422104,-0.09550819112478279,2669.378965105366,-1.271792636008362
2023-04-25,4.542381746274824,0.4817645426623312,-0.09550966262052354,2682.158269615954,-2.0617079253817394
2023-04-26,4.543127873196774,0.481675623291091,-0.09551194642327672,2692.4152269841397,-2.677344350963462
2023-04-27,4.544099957270508,0.4815596669020136,-0.09551480954386128,2697.5512951974156,-1.9043676866821624
2023-04-28,4.544788902644734,0.48147745465431085,-0.09551680504052783,2709.726505441961,-2.759928180639881
2023-05-02,4.545790807540413,0.4813577541583377,-0.09551956245806119,2724.7466715758424,-5.293580980591628
2023-05-03,4.547736538569193,0.48112494800402517,-0.09552456959494626,2729.029639611324,-7.204379049519072
2023-05-04,4.550401102323086,0.4808059570555929,-0.09553125445155537,2724.859206457012,-7.352644348825466
2023-05-05,4.553111216138991,0.48048161341209344,-0.09553815737176843,2723.6912599514626,-6.808820907064472
2023-05-08,4.55560423685538,0.48018325550141,-0.09554451397338656,2718.158390999063,-7.0109376859756605
2023-05-10,4.558167316445627,0.4798766866091908,-0.09555121919083244,2722.5657077815913,-6.388668867915692
2023-05-11,4.560487156259916,0.4795990534018217,-0.09555713276713555,2713.418868227215,-4.359771711343063
2023-05-12,4.562047492701473,0.47941248162185895,-0.09556127630562011,2711.8757552447696,-5.409752086209718
2023-05-15,4.563985379339729,0.47918077351211363,-0.09556643462675654,2702.5922715506863,-3.38646241662538
2023-05-16,4.565180791099366,0.4790379705444298,-0.09556974674415107,2709.256960625073,-2.788475280234881
2023-05-17,4.566157888462872,0.4789211476668957,-0.09557235722305205,2707.7429216554815,-2.7056823256577656
2023-05-18,4.567101159567548,0.4788083733965032,-0.09557488394828469,2706.1407771557215,-2.706096363275323
2023-05-19,4.568040077816209,0.47869612417551016,-0.09557740614925013,2707.449170323484,-3.0024264615749585
2023-05-22,4.569078790233474,0.4785719115218788,-0.09558016615588938,2701.422400681575,-2.523204096640974
2023-05-23,4.56994642862428,0.4784682201254034,-0.09558253549987855,2690.15707837091,-1.8027600975731306
2023-05-24,4.57056180682778,0.4783947659590543,-0.0955843053910656,2696.6012668211747,-1.5431004699566597
2023-05-25,4.5710854191144765,0.47833221133922843,-0.0955857592304777,2697.7325762050605,-1.7701004401346032
2023-05-26,4.571683911514082,0.4782606924127245,-0.09558740426335266,2694.0232677007048,-0.4451805537277531
2023-05-29,4.571832810975001,0.47824290510238016,-0.09558781970693411,2693.212554032706,1.4401925280355332
2023-05-30,4.571357477992767,0.47829968626390446,-0.0955864913223976,2692.790191166445,0.2213246636557864
2023-05-31,4.571284250037426,0.4783084335985456,-0.09558628644657208,2688.6540360919435,1.0780845552813778
2023-06-01,4.570930803958286,0.47835063883911094,-0.09558528148210997,2685.08332265641,1.3648245860517605
2023-06-02,4.570485872154099,0.4784037501636568,-0.0955839973226758,2683.5850561008474,1.337574295159727
2023-06-05,4.570051929711894,0.47845554688291203,-0.09558274063224756,2677.3917549160174,0.6255433129362054
2023-06-06,4.56984913568979,0.47847973697566953,-0.09558213701114013,2676.001182163951,0.19614407762722497
2023-06-07,4.569785713298676,0.4784873018720953,-0.09558194765800616,2677.7174329799386,0.6338445875961218
2023-06-08,4.569582028028034,0.4785116039385665,-0.09558134596361528,2676.9346732037416,1.2236132291213897
2023-06-09,4.56919149675017,0.4785581975866823,-0.0955801902691723,2674.0392774504767,1.2715117102521045
2023-06-13,4.568787106224899,0.47860642876542886,-0.0955789773949602,2671.528352184628,3.209834840242265
2023-06-14,4.567778717925401,0.478726659666582,-0.09557591498049284,2663.817337504563,3.8051656571314485
2023-06-15,4.566590298158338,0.4788682190115168,-0.09557216997038523,2664.7773778564883,5.080823008652979
2023-06-16,4.565016079128212,0.4790557379598771,-0.0955672164265227,2660.266685564691,5.28230177815725
2023-06-19,4.563384843132055,0.47924992596581556,-0.09556196310147842,2658.437864402087,5.891886272585167
2023-06-20,4.561574706823859,0.4794653445911953,-0.0955560695479778,2635.9359397866174,6.364117491677845
2023-06-21,4.5596286390210095,0.47969626816985705,-0.0955490696042836,2644.134529307611,6.624680732044963
2023-06-22,4.557610805475849,0.47993594171700177,-0.095542043449536,2637.127479167918,6.776408127545941
2023-06-23,4.555553283685683,0.48018009294396347,-0.09553464620145644,2627.9649184035748,6.358345213296501
2023-06-26,4.553622636632169,0.4804088956169324,-0.09552741748608583,2626.128929571378,4.9883716276642565
2023-06-27,4.552101655747511,0.4805890915688586,-0.09552166733674974,2621.6676733696927,5.910830278161483
2023-06-28,4.550311587683071,0.48080103066198976,-0.0955147659073262,2629.942891082766,5.740699139481142
2023-06-29,4.5485758576740425,0.48100674160352347,-0.09550827797939612,2627.773217991631,6.417478527209264
2023-06-30,4.546647076055685,0.4812352564748086,-0.09550099348137522,2606.2178644734013,7.334464939876462
2023-07-03,4.544455768017029,0.48149411206754666,-0.09549196738509666,2609.660033458119,7.061071717364675
2023-07-04,4.542348008000062,0.48174318628295637,-0.09548337446546784,2597.268778522547,8.12204047659064
2023-07-05,4.539943138741073,0.4820268925131517,-0.0954730965438187,2601.613040736556,7.817725237334372
2023-07-06,4.537635369498512,0.4822993078558784,-0.09546338932794536,2590.910398917552,8.8266117260555
2023-07-07,4.53505337317883,0.48260366417255207,-0.09545209664643979,2583.1792422526164,9.652088932472203
2023-07-10,4.532251563628445,0.4829335810533455,-0.09543949081255432,2562.312901514519,11.491457515256664
2023-07-11,4.528960423025942,0.4833200263546201,-0.09542359182905757,2556.2846158352017,11.894034892724914
2023-07-12,4.525578290849873,0.4837168375739917,-0.09540692353692205,2555.6254919563244,13.351115377335066
2023-07-13,4.52182463539415,0.48415719729212875,-0.09538837087763025,2551.466042519117,13.09693924638542
2023-07-14,4.518148611051052,0.48458814901421277,-0.09536990375640103,2539.53410689802,14.301280385070413
2023-07-17,4.514169815645202,0.4850537707519967,-0.0953490952704707,2504.3975685260957,16.499474231525113
2023-07-18,4.50963373160436,0.4855818515562539,-0.09532265012915521,2495.6569906165705,18.38646140510134
2023-07-19,4.504635253549707,0.48616293907331526,-0.09529269257214408,2484.135219991851,18.48912153862765
2023-07-20,4.499629987744185,0.48674375660197033,-0.09526163866659862,2496.7081881421295,16.85306331978582
2023-07-21,4.495051163527938,0.4872760063907759,-0.09523413050983134,2481.110139325497,17.831931507675016
2023-07-24,4.490239670965904,0.487833916789134,-0.09520385661930122,2493.5624339676565,17.802143631351374
2023-07-25,4.4854528192236005,0.48838993179972073,-0.09517468095461218,2504.499979263104,18.800559977462527
2023-07-26,4.480431126297424,0.48897406929702764,-0.09514491166607637,2506.198714601199,18.522924087951687
2023-07-27,4.475487035515066,0.48954920480148245,-0.09511563379862856,2517.720608440963,18.67281818256048
2023-07-28,4.470514007003036,0.49012856882985106,-0.09508704603956875,2505.8419854447516,20.063835528161377
2023-07-31,4.46520601731951,0.49074569830419007,-0.09505530864217641,2496.6063142068915,23.10711474653837
2023-08-01,4.459174671367051,0.4914457581753769,-0.0950181130457321,2497.5158355570165,23.868684072228554
2023-08-02,4.45296424311868,0.49216645989333146,-0.09497970022093208,2495.7596531246472,24.469517571965184
2023-08-03,4.446594684800685,0.4929050795953267,-0.09493982437617468,2490.865802719104,26.37372902882873
2023-08-04,4.439748485883083,0.49369792737184126,-0.09489602742789263,2485.837153674115,24.4023565835483
2023-08-07,4.433332748220544,0.4944399400195067,-0.09485409441425964,2496.3943547801878,23.541378552410606
2023-08-08,4.427101040038728,0.4951614483766266,-0.09481419889317577,2488.697536049551,23.97287960100949
2023-08-09,4.420740023492116,0.4958966904813884,-0.09477233016704661,2460.5868989929268,25.966695233099756
2023-08-10,4.413873106117196,0.4966866282750004,-0.09472349196472936,2451.9122094545087,28.424663324326183
2023-08-11,4.4063915955759665,0.4975456450152271,-0.09466878788427179,2457.347918803643,28.411202005789082
2023-08-14,4.398874505075038,0.49840894225509635,-0.09461412012092181,2418.19104727108,29.47694945497885
2023-08-15,4.391078232175289,0.49929853314004174,-0.09455182005444872,2404.506113941901,29.558830478202424
2023-08-16,4.383235152229646,0.5001911295328602,-0.09448692916248234,2419.631252847817,26.02994759680417
2023-08-17,4.376212045362726,0.5009918740801227,-0.09443033458974541,2458.1005353187497,24.446496636205616
2023-08-18,4.36955323403862,0.5017551218168491,-0.09438072806780247,2463.2491633495715,26.305533613550725
2023-08-21,4.362432648559393,0.5025715733400544,-0.09432800622319655,2466.605490252893,27.297616599323838
2023-08-22,4.3550592779319315,0.5034170336285496,-0.09427349870142457,2472.5803888986643,27.973594476716634
2023-08-23,4.347507675433915,0.5042832689444346,-0.0942180739195493,2475.912073496751,27.07236390493446
2023-08-24,4.340160477343388,0.5051260657003417,-0.09416421591560958,2458.45335052797,27.615600244203442
2023-08-25,4.332670441093654,0.5059826308210059,-0.09410678970136716,2464.6503213803626,28.104582325970373
2023-08-28,4.32504600402117,0.5068549308863476,-0.09404876121418144,2453.928756910703,30.350972537072685
2023-08-29,4.316878198426861,0.5077874838565187,-0.0939847682776056,2467.5513686397267,30.143592583862144
2023-08-30,4.308738660856544,0.5087181811594721,-0.09392242714281805,2469.894595626028,30.07356693234524
2023-08-31,4.300593556769656,0.5096493204699786,-0.09385993171276248,2476.9435345227403,30.321501278064943
2023-09-01,4.292366625773513,0.5105902594303593,-0.0937973289277639,2458.920292099974,31.413369127160816
2023-09-04,4.283856799967138,0.5115604323843768,-0.09372958167254362,2466.78816705253,32.5192833199766
2023-09-05,4.275055322305708,0.5125644146743125,-0.09366016150090599,2461.1664991656166,32.63751156643426
2023-09-06,4.266195100378755,0.513573642923026,-0.09358894296931035,2407.7920229025644,34.790296218675266
2023-09-07,4.256807315616789,0.5146338931763054,-0.09350463666092117,2384.5269037423013,32.90141516232963
2023-09-08,4.247840726681589,0.5156424156464954,-0.09342010527741476,2319.1165435636967,35.52057177646009
2023-09-11,4.238255643716781,0.5167090287910187,-0.09331850447773464,2346.6663112272886,33.05555992607334
2023-09-12,4.229222151624664,0.517718068971477,-0.09322659986810329,2394.0714476602407,32.239996558753404
2023-09-13,4.220354355345539,0.5187152981514075,-0.09314307568438125,2406.165886679664,30.843846528987907
2023-09-14,4.211802718986468,0.5196781937437912,-0.09306381486292643,2398.620039943588,30.88734137624549
2023-09-15,4.203219062051066,0.5206430558351364,-0.0929827294687674,2402.6246340238363,31.211923633707485
2023-09-18,4.194529547790227,0.5216198453180668,-0.0929007670996664,2435.3978074630536,28.73379414207107
2023-09-19,4.186423424355664,0.5225349785077906,-0.09282825883666336,2425.925843338066,27.120538678817674
2023-09-20,4.178700634805145,0.5234051168417495,-0.09275756816119451,2420.003466515386,26.78287624182183
2023-09-21,4.171050211153151,0.5242658958996403,-0.09268642100462708,2436.981911701347,23.8917689746893
2023-09-22,4.164123787689656,0.5250467449611149,-0.09262358519361517,2433.546449671769,25.293273132766856
2023-09-25,4.156817713531806,0.5258695576233411,-0.09255655225500083,2429.462315496337,25.35242800742228
2023-09-26,4.149487661037262,0.5266941643203202,-0.09248846673855321,2439.3963841456493,25.109228653254377
2023-09-27,4.142204983142641,0.5275142083857197,-0.09242164479057187,2440.460149978894,25.698016418195955
2023-09-28,4.134755432952956,0.5283527322558402,-0.0923530549254003,2418.7233637198615,28.500433188025355
2023-09-29,4.12658402005302,0.5292691092396512,-0.09227453345999702,2428.410041314312,29.025162418790163
2023-10-02,4.118268679628021,0.5302024582157876,-0.09219551636975219,2409.3319160897254,30.008239175434113
2023-10-03,4.109703357251565,0.5311606310990576,-0.09211100308012644,2405.6205454869705,30.68894036085743
2023-10-04,4.100964304850563,0.5321371645822844,-0.0920237825060232,2381.0294344667313,31.63423999006396
2023-10-05,4.09200733181965,0.5331338279882765,-0.0919302726087149,2398.211607283235,30.587308913401113
2023-10-06,4.083312633845666,0.5341033171165224,-0.09184153031355,2401.9800993580984,30.92906143728815
2023-10-09,4.074541798430606,0.5350813483240273,-0.09175210743447743,2410.990333000748,31.647977038944664
2023-10-10,4.065592417416326,0.5360801001114598,-0.09166172104467066,2401.8515947040223,32.274200746008304
2023-10-11,4.056502429114578,0.5370925979397932,-0.0915680440290066,2441.4066669883123,30.831132854250164
2023-10-12,4.047760878357599,0.5380715385704081,-0.09148318658307013,2464.577598503635,28.81152542843408
2023-10-13,4.039532395777533,0.5389957087018915,-0.09140599014023025,2477.890517757208,28.8325685547014
2023-10-16,4.031297508206276,0.5399219025561142,-0.09133006901894407,2477.274853225648,30.57816316942017
2023-10-17,4.022634057725561,0.540895700391054,-0.09124965343324018,2452.3135718674007,32.41169633650656
2023-10-18,4.013538694244184,0.5419137306637679,-0.09116102225657659,2442.1927787009026,33.04477960697194
2023-10-19,4.004293686229688,0.542946316701985,-0.09106883524480294,2442.358672668402,33.279359679124056
2023-10-20,3.995000352880427,0.5439837153936968,-0.09097564228509217,2442.443806106823,33.85241420195093
2023-10-23,3.9855786608288506,0.5450348352554795,-0.09088061473353301,2478.6423734933132,31.672081253104768
2023-10-24,3.9766745613540837,0.5460329799890027,-0.09079556454812854,2475.52405087332,31.891669517335686
2023-10-25,3.9677349264535082,0.5470340947728781,-0.09070921326078814,2483.313549533345,31.48883275789316
2023-10-26,3.9589091985432256,0.5480230601104987,-0.09062459311544879,2484.768864290469,29.746072012238777
2023-10-27,3.9505280550841246,0.5489618886637135,-0.0905439573319701,2478.4752890122386,30.08723606378789
2023-10-30,3.9420885927569085,0.5499058861388159,-0.09046144104947032,2471.8950206644117,30.550447046598595
2023-10-31,3.9335650002554194,0.5508578746950898,-0.09037672380071275,2475.7586901394566,29.292487702817805
2023-11-01,3.9253798210401736,0.5517721637793095,-0.0902954773055159,2537.667017580817,26.357003412402257
2023-11-02,3.917924822980111,0.5526122454028488,-0.09022873462272923,2568.542907825264,24.476020636424735
2023-11-03,3.9109583515403417,0.5534004862142619,-0.09016953834424458,2618.100582287094,22.555642885081117
2023-11-06,3.9044883454716035,0.5541374578255248,-0.09011940222426298,2614.769913526643,23.724461692183073
2023-11-07,3.8977512578833093,0.5549042898423532,-0.090066635104326,2620.5265394604503,23.881210555051304
2023-11-08,3.891006866356274,0.5556723809428059,-0.09001422119543939,2621.182517807173,23.81549083102612
2023-11-09,3.884316362685609,0.5564342256951742,-0.08996210326463425,2698.7015716369256,20.05477130377158
2023-11-10,3.8785874445655866,0.5570934882122301,-0.08992428435792622,2699.5005267380507,20.09851333192931
2023-11-13,3.8728747988067007,0.5577508231407085,-0.0898865100638867,2659.598425950086,22.1338517990596
2023-11-14,3.866686828278889,0.5584587678084685,-0.08984155691983227,2639.8480478801707,21.688443491267883
2023-11-15,3.8606482354944367,0.5591474949016302,-0.08979558691058742,2647.794018908622,21.425986199833492
2023-11-16,3.8547023980344943,0.559826266365871,-0.08975092795488124,2660.3193177890603,19.875835155397148
2023-11-17,3.8491729606952614,0.5604585078718635,-0.0897103780267995,2662.658819535518,20.418732451772527
2023-11-20,3.843536105988426,0.5611031484744601,-0.08966914052171804,2680.0836175845184,19.67387804454774
2023-11-21,3.8381063217783544,0.5617255420140772,-0.08963082285846977,2682.647839434972,19.974003023739662
2023-11-22,3.8326285584872295,0.5623535662743401,-0.08959228312819408,2707.566925918826,19.31930358115388
2023-11-23,3.82732881881306,0.5629632304031871,-0.08955701046720924,2698.8056313138545,19.350944085287924
2023-11-24,3.8220490992353318,0.5635697110304637,-0.08952099633328421,2691.9752150347576,19.531561138777185
2023-11-27,3.816753741412163,0.5641772853681623,-0.08948417225468677,2698.978966929344,18.231747601593582
2023-11-28,3.8118068054357828,0.5647453871904522,-0.08945025454927466,2708.097048062141,18.029743516291276
2023-11-29,3.8069335151465746,0.5653057196333001,-0.08941750508809251,2702.345669369675,17.435753537045716
2023-11-30,3.80223857956813,0.5658450523350583,-0.08938545120719005,2688.7632231091875,17.741494408689373
2023-12-01,3.797503882474947,0.5663878424823102,-0.08935200918917145,2673.3304654737594,17.542146045275132
2023-12-04,3.7928531214478953,0.56691973511459,-0.08931788399267604,2631.7543783894994,18.339691027924165
2023-12-05,3.7880579054700503,0.5674645943186596,-0.08927917159018077,2611.8581707054764,19.812401572890614
2023-12-06,3.7829529781987166,0.5680427537194169,-0.08923607124589225,2601.4011308721347,18.378513926746077
2023-12-07,3.7782234573137035,0.5685774271488888,-0.08919516271393482,2583.5684945259477,18.968396096809204
2023-12-08,3.773396449303136,0.5691214713700066,-0.0891517577722292,2562.3017289157897,20.204032383932557
2023-12-11,3.7683242429528963,0.5696910133367621,-0.08910401968534136,2553.3380258182783,18.518189499417794
2023-12-12,3.7636804042944236,0.570211603112254,-0.08905944278051478,2523.1519471592655,19.687203277630406
2023-12-13,3.7588254220119524,0.5707529488360779,-0.08900992556457979,2495.635772298786,21.500903042712615
2023-12-14,3.7536247944402104,0.5713298864486521,-0.08895393157456723,2477.716404855512,21.43601237428385
2023-12-15,3.748491250521574,0.5718973904957502,-0.0888966557799909,2501.01009251022,21.306587649749844
2023-12-18,3.7434149364730334,0.5724609836785313,-0.08884235643772809,2585.0503614397494,19.00193690178904
2023-12-19,3.7388257537059104,0.5729782875012758,-0.08880093097904279,2603.266926319187,18.452701443106424
2023-12-20,3.734380495427871,0.5734809669539805,-0.08876235173585673,2619.0011186729807,18.543668342268482
2023-12-21,3.72993882151576,0.5739846345367069,-0.08872514587800043,2625.8860707760555,17.048871015627732
2023-12-22,3.725853161385121,0.5744484904592333,-0.08869144607538791,2597.427170007027,19.063203608193312
2023-12-25,3.7213743446938747,0.5749544445114552,-0.08865196375778774,2598.8136064693335,19.247490173419223
2023-12-26,3.716889712204309,0.5754612019786022,-0.08861253662723767,2568.6897347736635,20.4785442984879
2023-12-27,3.7121969751229287,0.5759885311414413,-0.08856833808442732,2558.932502179126,21.046178332654385
2023-12-28,3.7074290811561736,0.5765233096195057,-0.08852240783415986,2579.926402855941,20.23560038635761
2023-12-29,3.7028549714128,0.57703843071537,-0.08848034721670199,2610.795876476898,18.703650021925533
2024-01-03,3.6986145250864033,0.5775187755907145,-0.088444078485047,2592.5421788891103,20.739790676859336
2024-01-04,3.6939958222871376,0.5780401708405667,-0.08840276867406253,2606.752566151561,20.305626269312114
2024-01-05,3.6894848420822077,0.5785507532595611,-0.08836372388119938,2600.4128716351543,20.6104628311516
2024-01-08,3.6849444935161566,0.5790640151817739,-0.08832376021035354,2592.633485156015,21.82902126676529
2024-01-09,3.6802022067967,0.5795993267762155,-0.08828120691025172,2543.7904702548826,24.049132068798905
2024-01-10,3.6751064015983106,0.5801689931575216,-0.08822994750007761,2584.6000292613303,22.444477449938738
2024-01-11,3.670320874921214,0.5807083497551521,-0.08818609441887872,2564.136267493635,24.067119221771115
2024-01-12,3.665275443716011,0.5812746389555038,-0.088137488477917,2531.761216854091,25.810442896264995
2024-01-15,3.659974090690667,0.5818656514864402,-0.08808241098022573,2552.748385251205,24.76278580376381
2024-01-16,3.6548914397340875,0.582434788568698,-0.08803202283686072,2569.4254333337444,23.741672311337283
2024-01-17,3.650024398218279,0.582981698291987,-0.08798560995250905,2587.1906339685493,23.115396220884765
2024-01-18,3.64530354358724,0.5835142215612676,-0.08794254126116999,2555.661090701152,24.384645975412745
2024-01-19,3.6404197861254435,0.5840615352404549,-0.0878943800348481,2574.078790146865,23.009832182306344
2024-01-22,3.635809958770067,0.584580234520499,-0.08785092143928196,2562.7721813263292,23.778072163960175
2024-01-23,3.6311131527780316,0.5851075076061396,-0.08780538004523343,2561.956503711656,23.957607999945353
2024-01-24,3.626420487371657,0.5856342313900295,-0.08775974611891364,2576.8413703728415,22.72427928081706
2024-01-25,3.621967954861907,0.5861356481626998,-0.08771802709000066,2578.1249829401313,22.48203717411974
2024-01-26,3.6175902496124155,0.5866288077521027,-0.08767712927890833,2568.824887524562,23.138405243660443
2024-01-29,3.6131350898888055,0.5871296654418708,-0.08763445108484683,2531.3594185283437,25.490279126256432
2024-01-30,3.608338527243306,0.5876642749334607,-0.0875838891462023,2536.355380740262,26.010732733643604
2024-01-31,3.603479971224788,0.5882063614491506,-0.08753319672365255,2544.787253216244,26.30486088523618
2024-02-01,3.598588450092938,0.5887530885396866,-0.08748308811711296,2504.6372437266336,28.956399098907724
2024-02-02,3.5933301914474125,0.5893350751126776,-0.0874235300163768,2506.029387602508,28.74350220954971
2024-02-05,3.588133714883551,0.5899102828688252,-0.08736469731586731,2505.3889870208545,28.79397238178809
2024-02-06,3.582957787485653,0.590482984599404,-0.08730583774961864,2513.756539774138,28.827113873604127
2024-02-07,3.5777938898789525,0.5910553881555538,-0.08724810917342349,2517.6548395375653,29.34974043535523
2024-02-08,3.5725701034837396,0.591634844250029,-0.08719009171313144,2504.8225350564394,29.422741716388877
2024-02-09,3.5673716535745683,0.5922094661610457,-0.08713033573211643,2509.744283669474,29.19164797376672
2024-02-12,3.5622247376289113,0.5927789059941203,-0.08707166594766702,2517.4035211659525,29.041688099944942
2024-02-13,3.5571102850374365,0.593345635708109,-0.08701423094775965,2511.6867421676875,29.578260909684474
2024-02-14,3.5519381440878983,0.5939177304698279,-0.08695512139616383,2513.9077178112702,29.604598327765764
2024-02-15,3.5467710237625267,0.5944893303255219,-0.08689613705715481,2494.3418457874996,30.921509636502687
2024-02-16,3.541438131139965,0.5950760323024289,-0.08683206745910901,2471.5763121316286,31.190770201365957
2024-02-19,3.536100187205564,0.5956594437681901,-0.08676415297030314,2465.85741352296,31.579384201477833
2024-02-20,3.53072101757381,0.5962461365130729,-0.08669451904091031,2477.1740431480334,29.48181856143901
2024-02-21,3.525653407697965,0.5968002391205274,-0.08663030745305399,2472.368108501899,26.983517915636824
2024-02-22,3.520987399532815,0.5973095403701081,-0.08657030437379358,2463.7855887099317,27.5395072687858
2024-02-26,3.5162569766698204,0.5978244276663649,-0.08650805113213378,2450.855973670806,31.10399119812115
2024-02-27,3.5110206240317785,0.5983920777790026,-0.08643686487862418,2453.2642261194414,30.804907430454854
2024-02-28,3.5058377099764226,0.5989540148564798,-0.08636649352017965,2455.0736734331913,31.44412059485253
2024-02-29,3.500574227483838,0.5995246950558233,-0.0862950368647466,2437.9157097230614,33.589524322395924
2024-03-01,3.495039710656406,0.6001215267130725,-0.08621670242416539,2472.050755682228,32.14372692353875
2024-03-04,3.4896813037347107,0.6007046597943408,-0.08614610257603056,2415.9758750414467,36.456246689278025
2024-03-05,3.4838151808864266,0.6013324921148011,-0.0860583588133744,2411.093686964752,36.904261242348646
2024-03-06,3.4779188585550265,0.6019622588482632,-0.0859688677834371,2391.645124122675,38.42271023442145
2024-03-07,3.471873341131816,0.6026037147121966,-0.08587289729339793,2400.094824575136,38.147875077683246
2024-03-11,3.4658705238941496,0.6032418871972963,-0.08577884018194266,2399.7167931619306,38.36257717832909
2024-03-12,3.459862837630381,0.6038800870701311,-0.08568421364285442,2389.0272880657044,39.49610440399225
2024-03-13,3.453746794554185,0.6045271745417015,-0.08558527612677387,2373.6369813992737,39.898393310439516
2024-03-14,3.4476205074189976,0.6051716381782482,-0.08548251917625432,2368.953318940821,39.17538913236653
2024-03-15,3.4416098262156187,0.6058024656861899,-0.085380263737908,2358.5344570237744,39.92036411307494
2024-03-18,3.435531652968793,0.606437646276228,-0.08527418690589521,2360.2269967066204,39.66029558171922
2024-03-19,3.4294958564394724,0.6070682409284914,-0.08516871973774785,2368.233162509533,37.865225928186334
2024-03-20,3.423689448283395,0.6076760083708059,-0.08506841631377961,2363.5430710328696,38.2289174265936
2024-03-21,3.4178564327514445,0.6082851152949135,-0.08496624430830621,2360.3965056258603,39.24313106575001
2024-03-22,3.4119141701359994,0.6089044783206496,-0.08486103135307005,2383.870496962358,37.31828151618293
2024-03-25,3.4061947837463498,0.6095048898014496,-0.08476401421383704,2372.992386259663,38.290793472478946
2024-03-26,3.400380695548184,0.6101125350208486,-0.08466273183267417,2343.7671446898726,40.18201455907613
2024-03-27,3.394395913365058,0.6107311760180515,-0.08455171769810595,2384.403634641937,38.570917775679845
2024-03-28,3.3885615779301395,0.6113423630979801,-0.08445150653498185,2385.8644771171084,38.849881532369835
2024-03-29,3.3827010966837783,0.6119560994218486,-0.08435068074482648,2383.3516446432127,39.825359278818425
2024-04-01,3.37673294168518,0.6125800642415005,-0.08424698967293305,2377.8179557182552,41.44438567771132
2024-04-02,3.370577574431127,0.6132218077425653,-0.08413831269634969,2372.046870755482,42.12577506642039
2024-04-03,3.3643584262118993,0.6138683078154401,-0.08402667226371412,2370.4382820563224,43.24734905371057
2024-04-04,3.358013347771369,0.614526910795725,-0.08391183141484235,2370.8486638717623,43.72785795763106
2024-04-05,3.3516188145625567,0.6151901095190636,-0.08379560029667892,2355.8007668277787,44.12806243254861
2024-04-08,3.345215632378402,0.6158499557172922,-0.08367505415623078,2355.4365866160974,45.08478043594999
2024-04-09,3.338700948991256,0.6165205074512478,-0.08355169156762048,2360.0314158973574,44.670108075734746
2024-04-10,3.3322234240861137,0.6171876322693036,-0.08342950180565738,2357.102427056639,45.90413893444951
2024-04-11,3.3256125958697718,0.6178670454439668,-0.0833034191038703,2349.616293469943,46.38688068171588
2024-04-12,3.318961641699667,0.6185479241987248,-0.08317401411341688,2347.669190140275,47.22006041206712
2024-04-15,3.3122204696263178,0.6192367583884986,-0.08304165073287839,2367.5942084365693,46.65477671922697
2024-04-16,3.3055026645989174,0.6199275260990067,-0.08291408257703438,2349.9410252617668,47.362847100141714
2024-04-17,3.2987472457510205,0.6206168106994557,-0.08278057399390194,2360.4296963620473,46.33225489933035
2024-04-18,3.2920902922023005,0.6212979342162454,-0.08265094663826303,2379.4896177454525,45.23366583437174
2024-04-19,3.285530565935545,0.6219731090343947,-0.08252721067749576,2402.1856895483147,44.48841382668603
2024-04-22,3.2790211870164403,0.6226478936549383,-0.08240919776915358,2399.269270743184,45.00956780571413
2024-04-23,3.2724649254214246,0.6233261100283325,-0.0822889669821197,2388.206179100434,44.01687886493648
2024-04-24,3.2660674213375476,0.6239845400906221,-0.08216836138595601,2386.68134029282,43.669368093325225
2024-04-25,3.2597304976652715,0.6246356768339391,-0.08204788242195835,2388.824336666555,43.99384446995194
2024-04-26,3.253365814764347,0.6252894970364533,-0.0819267342829533,2367.954100057732,45.68567861665447
2024-04-27,3.2468621099058055,0.6259516126169588,-0.08179706166655182,2368.6648317785207,46.3208282362876
2024-04-29,3.2402973759548592,0.6266193522459712,-0.08166562329547082,2357.2210397245212,47.55001509771306
2024-04-30,3.233638160774128,0.6272928743496001,-0.08152853504197266,2360.8933171414396,46.97106280944776
2024-05-02,3.2270610751581135,0.6279582599560427,-0.08139331868984458,2352.167805930097,46.36838372331313
2024-05-03,3.2206056617542846,0.6286082708457128,-0.08125757402251803,2351.6799487978537,46.35367375392154
2024-05-06,3.214178944715497,0.6292544789515949,-0.08112153859670662,2361.407586014481,45.5085526255665
2024-05-07,3.2078465710873982,0.6298929575144708,-0.08098925407464294,2357.4105357235626,45.39724617579009
2024-05-08,3.201559750330984,0.6305250411335557,-0.08085615623221216,2357.1246948683015,45.624031154269694
2024-05-10,3.19527111495258,0.6311564638423482,-0.08072219917822782,2366.6609539695646,45.765703964217444
2024-05-13,3.1889637595700666,0.6317914988086899,-0.08058957075815862,2339.786618788578,47.753216991638126
2024-05-14,3.182526563280551,0.6324314493518065,-0.08044617032110377,2299.595926625014,50.63211583801215
2024-05-15,3.1759201134998163,0.6330754559622813,-0.08028638599062189,2294.767449924321,51.24495513105087
2024-05-16,3.169301076404647,0.6337181878223591,-0.08012381169939663,2271.7336647483116,53.462531902314694
2024-05-17,3.1625605868641817,0.634364217774807,-0.0799498508046462,2272.8907602152444,54.07207690299944
2024-05-20,3.1557940339174517,0.6350119540550899,-0.0797744235264064,2261.058096898659,53.38349796305302
2024-05-21,3.1491771993566724,0.635640277594429,-0.07959784172285847,2241.750424871105,52.93317052441835
2024-05-22,3.1427125577625565,0.6362465257192575,-0.07941776554596315,2233.344975374402,54.236807926304984
2024-05-23,3.1361928415897,0.6368537623908114,-0.07923200244675209,2203.878219654463,56.21507437646809
2024-05-24,3.129632086116356,0.6374527820879929,-0.07903314818839301,2176.700298638279,56.03893664758601
2024-05-27,3.12323463823084,0.638025245485819,-0.0788277067643745,2162.041242939561,52.59745903432926
2024-05-28,3.1172564829469978,0.6385533286861451,-0.07862892188810296,2162.9599731053345,52.703241903180185
2024-05-29,3.1113118153164803,0.6390773194974826,-0.07843010420845158,2142.478332351696,54.868777429266125
2024-05-30,3.1052860462284966,0.6395990330656055,-0.0782192507767507,2152.455860554714,52.48535684974009
2024-05-31,3.099483085010715,0.6401036864017761,-0.07801838042094339,2131.9415003667273,50.90423444764283
2024-06-03,3.093936973331408,0.6405769067406903,-0.07781739717514012,2114.1039360020977,48.593451178215055
2024-06-04,3.0887067104553805,0.6410151079362943,-0.07761985166425683,2160.933766960595,47.47930032499297
2024-06-05,3.083468007021289,0.6414695753455935,-0.07743732059224516,2175.956575118488,47.62426956177113
2024-06-06,3.078212444851176,0.6419294503688142,-0.07725806018743256,2174.1047797508686,46.836529211154954
2024-06-07,3.0730794558697396,0.6423766923351651,-0.07708105730385083,2171.6474662221926,48.88328102463717
2024-06-10,3.0678078342519264,0.6428338858846704,-0.07689715519091153,2135.3537670582336,48.9654805246728
2024-06-11,3.0626983194680935,0.6432624404530128,-0.07670446776148297,2127.717810543698,49.03762069791038
2024-06-13,3.057653285768531,0.6436812174902178,-0.076509864146945,2123.8373052328066,49.33771019962059
2024-06-14,3.052637896122702,0.6440945548746531,-0.07631343870290253,2132.2224228769733,50.824321397991135
2024-06-17,3.0475157162152224,0.6445184221121667,-0.07611449955106878,2085.7271005013868,52.641253941355835
2024-06-18,3.0424732452523546,0.644914771006099,-0.07589793355320816,2074.0963013508253,50.14490879578757
2024-06-19,3.03771747838074,0.6452818862658066,-0.07568702978097983,2068.1240656331333,46.387252598077254
2024-06-20,3.033326728062589,0.64561665715939,-0.07548815188678325,2038.3932432323993,53.230001638299896
2024-06-21,3.028584586070825,0.6459626371061669,-0.07525789846191111,2037.3794766642884,52.86057583631831
2024-06-24,3.023928573910494,0.646299546682568,-0.07502902096878938,2050.099524585621,51.11705372577935
2024-06-25,3.019401268199937,0.6466307751203079,-0.0748100098269642,2067.977866789979,50.455672179396124
2024-06-26,3.0148986129496635,0.6469662772807211,-0.07459816473577327,2109.2819057571514,49.42052038647058
2024-06-27,3.0103583170003,0.6473206759659391,-0.07440042565425091,2104.4372079417303,49.69893081681482
2024-06-28,3.005863859018856,0.6476676980113143,-0.07420087670187159,2104.449984069566,49.88999614522211
2024-07-01,3.001402611132952,0.6480103719338252,-0.07400099064064203,2118.3631375141413,50.40811197927724
2024-07-02,2.996897180694977,0.6483606194280008,-0.07380320747022003,2118.7075881454434,51.85153524730482
2024-07-03,2.992330516041116,0.6487140070255806,-0.07360109328613704,2117.4596832333373,51.26946809721298
2024-07-04,2.987856916969636,0.6490578358642306,-0.07340072381595066,2099.1083888647854,49.292433712524456
2024-07-05,2.9836427266012104,0.6493721029294158,-0.0732024085961621,2091.301180847024,50.58997856657197
2024-07-08,2.979417188170215,0.649681803816259,-0.07299815253381944,2083.221258681623,50.37192938317405
2024-07-09,2.9752906150769585,0.6499785235309465,-0.07279295067705886,2071.807721268074,47.41088029784544
2024-07-10,2.9714610196898392,0.6502467871442871,-0.07259542014909753,2062.532616648954,44.27650627095401
2024-07-11,2.9679216604552314,0.650488902948244,-0.07240705278799668,2072.160674038741,44.40048194564172
2024-07-12,2.9643823122377086,0.6507333576578901,-0.07222094315097687,2056.7527443882163,44.558455463949564
2024-07-15,2.9609338483193146,0.6509630014879311,-0.07203111262541251,2016.8741086002872,44.45522343593167
2024-07-16,2.9576894671941028,0.6511590936498828,-0.07183270287039058,1977.3201024471173,48.93187988912175
2024-07-17,2.9543983624526904,0.6513346340698474,-0.07160821569328163,1985.1997050772186,48.46063055834278
2024-07-18,2.951153539622677,0.651509094038516,-0.07138818249852115,2013.1438744712336,48.05797229881945
2024-07-19,2.947853475069298,0.6516994051027992,-0.0711771244918164,2020.4122588556415,48.892385047389396
2024-07-22,2.9445206680335043,0.651893025910237,-0.07096532691027842,2043.67236757821,47.99534641573378
2024-07-23,2.941183181242263,0.6520967639675905,-0.07076293683375016,2024.4667186446823,49.57074730411766
2024-07-24,2.937888703428182,0.6522852845219236,-0.07055061105830439,2044.8710500879763,49.23972833732986
2024-07-25,2.9345663453640296,0.65248404115888,-0.07034500343389748,2061.865433458109,47.50574652677943
2024-07-26,2.9313133879952846,0.6526850379347088,-0.07014996699650886,1990.9002156797387,50.34555606685909
2024-07-29,2.928277771567131,0.6528317999250136,-0.06992742044300378,1972.1981286387538,47.39644855085774
2024-07-30,2.9255246212562738,0.6529507949653951,-0.06971150991953219,2004.9331332672305,46.87671878618711
2024-07-31,2.9226991403055056,0.6530895371047865,-0.06950634092519885,2052.1801507659666,43.392869232345824
2024-08-01,2.9198991088645987,0.653249607741665,-0.0693253538157668,2060.605553864984,42.46734385887974
2024-08-02,2.917150355306267,0.6534089500448036,-0.06914982575944043,2044.37431667549,41.80377714362411
2024-08-05,2.9145382683223255,0.6535507401774215,-0.06897341863407785,2050.574311277731,37.94769516240548
2024-08-06,2.912143705599829,0.6536816887780674,-0.06881260965950396,2044.0340175723145,38.488399687303776
2024-08-07,2.9097768537519713,0.6538063990990975,-0.0686489257215411,2068.9983114671727,38.953230849246864
2024-08-08,2.907321476066468,0.6539458633766927,-0.06848909788499784,2089.042607716446,36.54628151017505
2024-08-09,2.9049569182134745,0.6540871545914084,-0.0683420660896216,2099.156664890499,35.68734757339222
2024-08-12,2.902634217794534,0.6542286839647754,-0.0682003106126952,2103.0044036101476,35.27170913748405
2024-08-13,2.9003456606820923,0.6543684847099166,-0.06806096014647912,2104.6976987392345,37.0553121109956
2024-08-14,2.8979731749237794,0.6545130003598245,-0.06791607516047263,2149.0316839723932,33.60017078449378
2024-08-15,2.895663680553887,0.654669554504448,-0.067790808003828,2102.6750485613793,34.97615820103992
2024-08-16,2.893452051588625,0.6548013579066514,-0.06765283055202861,2064.289802418495,37.00595704568794
2024-08-19,2.89129591318482,0.6549122011030859,-0.06750074799611022,2058.6787432741608,34.82628161718766
2024-08-20,2.8892929908821006,0.6550113097384135,-0.06735561382222968,2057.69717446815,34.53971917493397
2024-08-21,2.8873281563478828,0.6551068389476067,-0.06721154116445893,2068.257015625697,33.839265579020484
2024-08-22,2.885378888327323,0.6552051099578564,-0.06707208195440878,2057.5960717782805,32.472550729758474
2024-08-23,2.883552770564502,0.6552915662325065,-0.06693584989446191,2054.6303856642553,29.583891028615938
2024-08-26,2.8818929355506717,0.6553680405758725,-0.06680992885880072,2040.2730262299274,35.45981172465596
2024-08-27,2.880019106262366,0.6554464853200493,-0.06665992944194814,2049.355690116748,33.23114250823171
2024-08-28,2.878233903974891,0.6555241535577857,-0.06651993388649967,2038.7003097251738,32.43633638158272
2024-08-29,2.8765420763195277,0.6555916917691229,-0.06638121400884008,2035.09750408683,33.07814463736123
2024-08-30,2.874852349813623,0.6556561637608022,-0.06623969031348538,2012.4793641492088,31.694269626483518
2024-09-02,2.87331655775266,0.6557031308334216,-0.0660995034443092,2013.3155363269364,26.41187901640043
2024-09-03,2.872020688994537,0.6557420190070459,-0.06598047503075817,2008.452468603584,25.687813849790775
2024-09-04,2.8707833958946614,0.6557762045624548,-0.06586389478683909,2037.9354324195858,27.832803657914496
2024-09-05,2.8693768675246107,0.6558273283967406,-0.06574355025998375,2059.2176408902724,27.31145790236049
2024-09-06,2.867944862554155,0.6558871064604265,-0.06562869281948763,2053.048015818028,27.779281331358895
2024-09-09,2.866527124327155,0.6559427715165852,-0.06551145970836317,2045.320560434525,32.16363499644848
2024-09-10,2.864962079053174,0.6559993123771731,-0.06537713418184789,2039.2670293090473,30.997067162171877
2024-09-11,2.8634884516773833,0.6560482912165899,-0.06524638846686652,2058.5798354245435,29.605369395341864
2024-09-12,2.8620287823543125,0.656104247993591,-0.06512425460398952,2018.5002699055929,29.551629939702995
2024-09-13,2.8607216029570828,0.6561354966449927,-0.06499609742839066,2000.964587029595,33.88492816741573
2024-09-16,2.8593361640613035,0.6561571240400681,-0.0648488051737429,1989.095865747649,37.96217906111463
2024-09-17,2.8578832580443274,0.6561697778229104,-0.06468433055882526,1981.535348061166,39.99447462364276
2024-09-18,2.856418745552746,0.6561748913463603,-0.0645109338358517,1963.1271616413865,40.17074664176397
2024-09-19,2.8550581346269164,0.6561629312611361,-0.06433318359234098,1955.7693771064003,41.06520085112806
2024-09-20,2.8537293405908555,0.6561422911888382,-0.06415066322359095,1954.4280539773554,42.36134168959473
2024-09-23,2.8523975997897577,0.6561171227218712,-0.06396325728105545,1958.161717661321,44.00598145529253
2024-09-24,2.8510310648588812,0.6560912652785176,-0.0637709032222242,1965.8262766174166,46.09429297800216
2024-09-25,2.8495988294279293,0.6560679568604552,-0.06357305711997784,1973.9055151980197,43.37616356049783
2024-09-26,2.848223215884953,0.6560495764679962,-0.06338701096762943,1972.0586182501254,43.48711411584938
2024-09-27,2.8468833522337857,0.6560263274636335,-0.06320044297808332,1957.3174758392176,46.04477992382745
2024-09-30,2.845589199527711,0.655985160274244,-0.06300155912656469,1946.486585925823,46.80604637410517
2024-10-01,2.8443716435360895,0.6559296367550795,-0.06279766751953113,1946.614937232961,44.568396459561946
2024-10-02,2.8432317513659715,0.6558730838898379,-0.0626022014937586,1935.8485988259667,42.92388370030456
2024-10-03,2.842209094896203,0.655806012074526,-0.062410543467989806,1917.3753536242223,45.11451786113383
2024-10-04,2.841266566564427,0.6557166145026284,-0.0622064168590218,1918.6419283880623,46.177353809644295
2024-10-07,2.840323361887403,0.6556237462784191,-0.06199875028986251,1896.7939458756784,47.29275186030759
2024-10-08,2.839508654114979,0.6555054055065991,-0.061781403301320786,1893.5897069475498,47.25312404104838
2024-10-09,2.838739862801861,0.6553809274103057,-0.0615635444569031,1892.7688137607,45.22692787496065
2024-10-10,2.838029189644667,0.6552571155787283,-0.06135344162919654,1901.5063800351738,45.22906833207245
2024-10-11,2.837293166417515,0.6551386938599947,-0.061145622680364255,1915.9774051548313,43.765787247235586
2024-10-14,2.8365161198989957,0.6550343391139334,-0.06094684704380913,1918.7384098838536,44.540807945147606
2024-10-15,2.8357345154656577,0.6549283646883216,-0.06074591062995063,1917.3535650978722,46.33659910590235
2024-10-16,2.834961280876991,0.6548144858507793,-0.060538112255101105,1925.091212183227,44.58847364657104
2024-10-17,2.8341920824419007,0.6547086040141645,-0.06033878488818962,1922.2980337190493,43.76178675340101
2024-10-18,2.8334710564165517,0.654599314353627,-0.06014195543302355,1929.8677501006166,42.59526332084287
2024-10-21,2.832746225175114,0.6544967466526856,-0.059951369453549744,1928.0581596452575,43.549092964562305
2024-10-22,2.832038076402752,0.6543881947406816,-0.059756871357491456,1923.6346316167615,43.228342571704445
2024-10-23,2.8313757225029303,0.6542741449502151,-0.05956251576433184,1932.3433231085564,41.534372660046984
2024-10-24,2.830703880965526,0.654169562519026,-0.05937647148097784,1915.0839934859914,41.947821048397536
2024-10-25,2.830136159571417,0.6540467242531629,-0.059184973922820454,1878.421608573974,41.627416755477164
2024-10-28,2.8297868984061068,0.653889921622275,-0.058986334797586734,1846.7661699553305,39.43616912054899
2024-10-29,2.829638131794194,0.6537105548502455,-0.05878969905763384,1853.9776123985127,40.220679182678424
2024-10-30,2.829467566323394,0.653532481385326,-0.05859169971621108,1869.8711379540534,39.86953148341848
2024-10-31,2.829228372367388,0.6533679712452584,-0.05839886440635663,1836.9117299130874,39.37523280561415
2024-11-01,2.8291835652850086,0.6531744433297678,-0.058200873301218585,1848.3275824612142,39.29944152927385
2024-11-02,2.8290924754763376,0.6529896293405052,-0.05800594229025989,1853.1860813320316,39.99565538152616
2024-11-05,2.828989263019715,0.6528046131959506,-0.05780936153861407,1864.6340950266901,40.32297312264623
2024-11-06,2.828838113914773,0.6526268093170102,-0.05761414657392183,1894.5222920644333,40.5562769651187
2024-11-07,2.8285379806213977,0.6524730944444463,-0.057424776850445725,1955.1648236901021,37.61653070874145
2024-11-08,2.827962788125555,0.6523773164975507,-0.05725956813149038,1962.0098758023444,39.37544523733496
2024-11-11,2.827347288041671,0.6522814546537341,-0.05708937801729632,1962.4898484030034,41.92735836399739
2024-11-12,2.826718892096447,0.6521781886086556,-0.056910245804681056,1989.445952039968,38.569233166311065
2024-11-13,2.82601701827771,0.6521018934646685,-0.05674898087876845,2000.4978557942898,38.165106850492904
2024-11-14,2.8252846565854286,0.6520331350988299,-0.05659149865799679,2007.7356088359656,34.35384560240602
2024-11-15,2.8245966591760006,0.6519739819248603,-0.05644898016143761,2011.1820631615576,36.199007050311
2024-11-18,2.8238742638831194,0.6519131399064207,-0.05630061166541056,2007.1140244645433,35.55632449560735
2024-11-19,2.8231994627641823,0.6518481538561645,-0.05615391240943129,1957.0547425975694,34.411671924340936
2024-11-20,2.822792082614379,0.6517454010143772,-0.05600222413491704,1985.457977334286,30.795515676772677
2024-11-21,2.8223149190720815,0.6516702274524502,-0.05586945741694027,1986.6591395173498,29.292436176244617
2024-11-22,2.8218635879283305,0.6515979375018673,-0.05574271403839394,1999.6299385202276,29.076383098666582
2024-11-25,2.8213732955206927,0.6515334496075685,-0.05561899323388676,1987.4404540134065,27.334129427101274
2024-11-26,2.8209648512355483,0.651463848894687,-0.055500162454844154,1992.1392285391855,23.70370327013145
2024-11-27,2.820595832695026,0.6514044304765856,-0.05539626188576924,2002.2593773825333,24.453406394206855
2024-11-28,2.820186289455831,0.6513484537335615,-0.05529087383740391,1995.9736328679685,27.650984864915774
2024-11-29,2.8197565199211296,0.651281654181708,-0.05517232033083423,1989.4879164589934,29.58108358800564
2024-12-02,2.819329635287768,0.6512059754600689,-0.05504535663356999,2009.7865952239597,28.707197378423533
2024-12-03,2.818833911135711,0.6511450029757868,-0.05492468650212398,2017.1215610517054,25.904162100962267
2024-12-04,2.818355517807273,0.651093332414488,-0.05481540621693944,2015.0536843070558,23.352544865560954
2024-12-05,2.8179278464494555,0.6510448502623468,-0.054715488335099406,2020.4389599890449,24.271509791793665
2024-12-06,2.8174672138117725,0.6509974391791383,-0.054612682415930404,2046.752254139664,23.914850704101664
2024-12-09,2.8169270162487856,0.650964526215488,-0.05451462810617347,2029.0819888508984,26.800691846713832
2024-12-10,2.816399389649021,0.650916887381593,-0.05440354599907867,2030.5553205884207,24.239412461264507
2024-12-11,2.815918662869086,0.6508733890869431,-0.05430226417398072,2067.8578316867183,21.504484568485125
2024-12-12,2.815375692649143,0.6508523199746843,-0.054215678912268625,2037.965721005102,22.30971180274135
2024-12-13,2.8149124865777977,0.6508149127389982,-0.05412260878341012,2057.1624114082797,20.80718499511649
2024-12-16,2.814421386984459,0.6507887857426071,-0.05403736157687854,2031.6529870232762,19.129596218405354
2024-12-17,2.814040745809455,0.6507528699600255,-0.05395581642892019,2017.6826837125664,17.815849795866235
2024-12-18,2.8137244925561915,0.6507130088393003,-0.0538781719420847,2037.3499467625,18.259016023665243
2024-12-19,2.813350118471851,0.6506805146774752,-0.05380080510293745,2025.149236537425,19.322070512275722
2024-12-20,2.81299455840647,0.650640371220497,-0.053718164832094246,2187.6479704533285,20.60532753143376
2024-12-23,2.8121410631481063,0.6506735282307047,-0.05364784472427981,2319.0644588056107,16.53319896902996
2024-12-24,2.8111492622851535,0.6507473536288925,-0.053601031837702116,2299.829128336408,17.0069535533937
2024-12-25,2.810177168537247,0.6508158707892695,-0.053551370066019066,2301.454533601276,18.74360149638563
2024-12-26,2.80911277242592,0.6508910448153735,-0.05349715848250628,2305.675797108713,19.989549418406625
2024-12-27,2.8079758529439602,0.6509720799807818,-0.053440000996551475,2297.9304862514164,19.99710245796824
2024-12-28,2.806864369584549,0.6510492407389293,-0.05338209461479265,2277.7856259977907,22.341188222192375
2024-12-30,2.805701091735428,0.6511243860972925,-0.05331595473620038,2316.3322714910537,24.465735571872372
2025-01-03,2.8043219791034986,0.6512246258403385,-0.05324856072534426,2313.595263940235,22.255609876329085
2025-01-06,2.8030704428683197,0.651314552276748,-0.05318638131405942,2326.393137523763,21.056925184952036
2025-01-08,2.8018510969247616,0.6514049156657898,-0.05312851999291179,2342.4011079315096,21.276838129085405
2025-01-09,2.8005802811424174,0.6515025619704148,-0.053071652271076616,2301.444022557801,20.494783832195186
2025-01-10,2.799469584190566,0.6515785958601249,-0.053012767766987955,2302.8824608925097,22.65454481360272
2025-01-13,2.798253646639589,0.6516619049190562,-0.052948388675389695,2312.289859920801,23.95115550513931
2025-01-14,2.796952049712439,0.6517533610730671,-0.052881730650376504,2310.1138330370236,23.782211902549633
2025-01-15,2.795671631525695,0.6518423505060561,-0.052815205472422334,2287.243427762022,24.29634578868263
2025-01-16,2.794444799784345,0.6519207268204802,-0.052744693408549134,2294.1534393234897,26.900404746183604
2025-01-17,2.7930821531308814,0.6520096292086974,-0.05266822219750785,2285.1311672309153,28.899384080841763
2025-01-20,2.791672442066414,0.6520978899059511,-0.05258546606925247,2309.099949045031,26.86977890288238
2025-01-21,2.790271951724155,0.6521931198704456,-0.05251071481398508,2298.837452253676,27.660613721206918
2025-01-22,2.7888800614605374,0.6522839076603092,-0.05243263647527543,2302.033495221786,29.13018017201385
2025-01-23,2.787420991186393,0.6523796103983266,-0.0523513189667277,2296.3622528346364,27.423275504028744
2025-01-24,2.7860699688972255,0.6524657265909014,-0.05227355584052941,2298.2284752080477,28.270101593495276
2025-01-27,2.784685285909795,0.6525540505230569,-0.05219391865062333,2323.2270740477193,24.45576380798542
2025-01-28,2.783394294295239,0.6526435547495798,-0.052126729987032085,2323.7088504572525,26.17630644316973
2025-01-29,2.7820294139301507,0.6527378776982453,-0.052055398616921184,2312.3929532773404,27.602879770845988
2025-01-30,2.7806497489346342,0.6528290678671074,-0.05197920327913895,2303.053703922405,28.849361825388865
2025-01-31,2.7792625742637207,0.6529169021544432,-0.05189879238235813,2296.423790956558,28.377872220701516
2025-02-03,2.7779319950634638,0.6529981582988182,-0.05181870922194156,2269.514517419501,28.933742328607547
2025-02-04,2.776696444577282,0.6530628613719305,-0.05173374341193588,2260.9940445675416,29.045452685306294
2025-02-05,2.7755018381684833,0.6531211322695776,-0.05164736781624858,2278.6021217623124,28.61218604209195
2025-02-06,2.7742660091138625,0.6531880270041538,-0.05156452260481164,2291.489755000058,29.615242377547734
2025-02-07,2.7729525262403136,0.653263658385403,-0.05148093205999199,2297.633669234101,29.112401150914135
2025-02-10,2.7716487680845887,0.653340358638032,-0.0513995453440402,2294.2227000912053,31.303295006201637
2025-02-11,2.7702865639866228,0.6534183401370348,-0.051312375956583146,2282.0123158619986,32.25257282890625
2025-02-12,2.7689548412421163,0.6534884762818379,-0.051221139890444856,2293.016651368196,31.949761385058785
2025-02-13,2.7675994708251146,0.6535638899368674,-0.05113225530984109,2430.756610422367,31.932995111458663
2025-02-14,2.7656723751628345,0.6537286038146782,-0.051062571759768166,2355.00169852951,35.24406381484779
2025-02-17,2.7639365894547656,0.6538522922159874,-0.05097544304551943,2362.999533502564,40.00891464824361
2025-02-18,2.7619816058345545,0.6539942224953716,-0.05087985813502432,2374.9911201251493,37.21146038761951
2025-02-19,2.760103073271404,0.6541345616139126,-0.050791902113910825,2370.7013189816157,37.960863049798775
2025-02-20,2.758231801123739,0.6542718691972875,-0.05070180582797981,2385.172314961493,38.04537220838724
2025-02-21,2.7563046927120056,0.6544183303129644,-0.05061397934911238,2377.4936033830154,38.098794265023315
2025-02-24,2.754437023082816,0.6545565117138167,-0.05052508763492965,2371.620875738373,39.29840278419115
2025-02-25,2.7525721929822837,0.6546912309084858,-0.05043306701627518,2378.012295761632,39.87059721803084
2025-02-26,2.750673398520204,0.6548302824616448,-0.050341177633396204,2395.2604870853015,36.770093176230525
2025-02-27,2.748840980166305,0.6549705157063168,-0.050258407910522225,2390.3461884078997,35.237733165049214
2025-02-28,2.7471199824418417,0.6550998011284956,-0.05017820949384862,2378.5913333555154,34.553588719464216
2025-03-03,2.7455058124852245,0.6552161290338372,-0.050098030122228784,2387.1122839380887,31.779724865325456
2025-03-04,2.7439895232009124,0.6553278324887701,-0.05002504282777354,2408.140876327469,34.61131081930897
2025-03-05,2.7422821152843384,0.6554609412791876,-0.049950022502379676,2461.623757206817,32.57996842308675
2025-03-06,2.7404529179055337,0.6556208629217049,-0.04988672057396947,2497.153659855654,28.454249795161513
2025-03-07,2.738711692310127,0.6557819225017784,-0.04983515044548025,2503.112406987055,26.517690182835562
2025-03-10,2.737070489920795,0.6559349632204535,-0.049787703591369886,2538.850777633809,26.073183512704624
2025-03-11,2.735343077806139,0.6561035275434536,-0.04974514770430344,2501.1806906082493,27.977559239095882
2025-03-12,2.733658370118937,0.6562600466061906,-0.04969575273014536,2511.7818066474656,26.76140863723031
2025-03-13,2.7320145047381597,0.6564150087892597,-0.049649727630044965,2493.9923867469615,25.163573737753843
2025-03-14,2.7305332056984946,0.656551008347711,-0.04960457313056635,2521.5208494749027,26.712416463475353
2025-03-17,2.728887346672901,0.6567082496651135,-0.04956043542595062,2537.7630185655207,27.876006398515287
2025-03-18,2.727134102227563,0.6568793111555773,-0.04951688639489618,2550.021673303932,27.743620146547123
2025-03-19,2.725359793908161,0.6570550537657835,-0.04947534937938023,2535.06468047375,27.40463881956734
2025-03-20,2.723676517512473,0.6572189472066747,-0.04943302379657891,2518.697407347673,27.96852812081716
2025-03-21,2.7220396624122007,0.6573749527915835,-0.04938841882932428,2494.988942936328,27.92080738617726
2025-03-24,2.7205087362097555,0.6575156397271488,-0.049341411574230234,2457.514360925653,29.344513730642795
2025-03-25,2.719074412864328,0.6576381810718834,-0.04928801722395237,2445.851159134,29.387268239188092
2025-03-26,2.717701673364449,0.6577521121190968,-0.04923347997554577,2426.6406019012247,29.657024510960905
2025-03-27,2.7164118405102005,0.6578533968401392,-0.049176386374736696,2409.2230893732217,28.00765581249365
2025-03-28,2.7152679821389025,0.6579378113181832,-0.04912026772181801,2401.2001672994,26.005738347207874
2025-03-31,2.714239794663413,0.6580110356704644,-0.04906709923541244,2378.1162627377953,26.712055554882053
2025-04-01,2.7132878096054878,0.658071254659897,-0.049010199265254066,2396.551883264062,23.6956320746329
2025-04-02,2.7123797537443206,0.6581340830239223,-0.04896129171293709,2377.534308453125,23.085079765009663
2025-04-03,2.7115684137945895,0.6581845641389187,-0.048911844404198504,2332.999012071449,22.570990609250362
2025-04-04,2.7109361568229504,0.6582099550952741,-0.048859191851676614,2306.9629526512695,20.590146313482414
2025-04-07,2.71045017032927,0.6582196379660721,-0.048808717569750124,2279.3072728591,19.768406502546764
2025-04-08,2.710080674714877,0.6582148714440154,-0.048758002788605606,2294.705079292381,19.684661213497257
2025-04-09,2.709678375447506,0.6582163434996502,-0.04870942430857993,2243.9465956949307,18.126251537599746
2025-04-10,2.7094649735173006,0.6581943455859108,-0.04866048661406451,2266.666384716412,21.953544581543973
2025-04-11,2.7091478547478625,0.6581789744568155,-0.048605206543359675,2292.1137005203564,23.463334273406723
2025-04-14,2.708735326569242,0.6581754911525441,-0.04854994475868527,2291.4534941495954,23.0524646124858
2025-04-15,2.7083486727182695,0.6581703842370279,-0.04849613380236116,2268.3103310659094,23.68457532359052
2025-04-16,2.7080549154385336,0.658150824815494,-0.048439101558166955,2274.1036687859846,25.844306892472012
2025-04-17,2.7077329661933067,0.6581317595487352,-0.04837885790577617,2268.551226021199,26.306162591067906
2025-04-18,2.7074465417609686,0.6581075224447216,-0.04831764727107037,2246.818905661542,27.859436858092312
2025-04-21,2.707257265897519,0.6580662659801026,-0.048251101654382296,2248.5784161459455,29.9692276246734
2025-04-22,2.7070666133998893,0.6580219530670269,-0.04818106553974945,2246.4068822598265,31.520697489488647
2025-04-23,2.706897542620514,0.6579724211578593,-0.04810822369721005,2234.7114121126738,31.705149221818306
2025-04-24,2.7068042655778575,0.6579123070517061,-0.048033953547567156,2236.1091514595496,31.67648806759349
2025-04-25,2.7067235376500407,0.6578516888391513,-0.04796059876774589,2240.3595193432907,34.18114253738971
2025-04-28,2.7066341175238673,0.6577887132458262,-0.04788351089488235,2224.4345537377367,36.40769942642006
2025-04-29,2.7066480350751765,0.6577070280057031,-0.047800084951253874,2194.573655700329,34.77150754624165
2025-04-30,2.7068428977071646,0.6576022088119756,-0.04771571664781153,2194.735819310311,32.97591328860345
2025-05-02,2.7070487219397195,0.6575005301745641,-0.04763585776943641,2156.3026504531185,31.553889218839704
2025-05-05,2.707460164298704,0.6573715389333186,-0.04755389522935139,2142.904764930055,27.807826312309093
2025-05-06,2.7079085196347044,0.657245320947784,-0.04747946019503386,2134.5579613474374,32.114941410156604
2025-05-07,2.7084798305758517,0.6570939779568566,-0.04739441503551169,2157.968789365708,31.285031273910626
2025-05-08,2.70893791038347,0.656962738649838,-0.04731555157681683,2164.5271123564235,31.71144790588094
2025-05-12,2.709385616557318,0.6568336472776782,-0.047237402434817874,2158.8896675219885,35.725787384183505
2025-05-13,2.7099336320870124,0.6566840484106686,-0.04715048626879692,2135.9249591078733,37.43600810892269
2025-05-14,2.7106627438878115,0.6565056714477733,-0.04705667231210761,2148.2547039016913,36.12026519429969
2025-05-15,2.7113175831011276,0.6563419695353704,-0.04696845566530648,2132.8486671361666,33.15759546191395
2025-05-16,2.7120257110856496,0.6561758409799067,-0.04688459047661586,2132.6755210741185,33.182004103909236
2025-05-19,2.7127526931764376,0.656008065705122,-0.04680127420768171,2138.5795230758936,34.7918077815478
2025-05-20,2.7134926204504777,0.6558370327011368,-0.04671599505393059,2130.929379518083,32.49711732063718
2025-05-21,2.7142472006503624,0.655668267603358,-0.046634964940624135,2130.2102505127073,31.892145356252
2025-05-22,2.715008745148004,0.6555004343735482,-0.046555699061153526,2133.623020335239,30.864729775988753
2025-05-23,2.7157456712112023,0.6553388605766318,-0.046479716703228514,2140.302611483168,29.425623514069365
2025-05-26,2.7164324127261286,0.6551878973511633,-0.046408303803860684,2109.576224741244,27.980206087654235
2025-05-27,2.7172467373777693,0.6550204211981979,-0.04633615003177912,2102.2561453582884,30.1815673624098
2025-05-28,2.71816774535397,0.6548346947286676,-0.04625842735136922,2114.223975327388,31.736279244904075
2025-05-29,2.7190788261921446,0.6546493386623834,-0.046179556217443005,2125.373648408535,32.20922363952634
2025-05-30,2.719954346491808,0.6544696814328406,-0.0461018765597529,2139.812799370977,32.19988219677759
2025-06-02,2.720765953077449,0.6543007568914816,-0.04602700189130435,2142.6382829037757,32.06475505352848
2025-06-03,2.721572753388553,0.6541336840803199,-0.04595332346018596,2156.106769667015,31.44339788134363
2025-06-04,2.722306968241795,0.6539791991206281,-0.045883354284166504,2166.6812715285314,30.920963654189528
2025-06-05,2.7229872245935107,0.6538343082004501,-0.045816373761813654,2159.8850899322783,32.257498943592736
2025-06-06,2.7237413864081867,0.6536774944686139,-0.045746247503116906,2136.9907184186195,30.377730515449674
2025-06-09,2.7245843618754444,0.6535100976244369,-0.0456766633218251,2141.554949245285,27.8398203587924
2025-06-10,2.7253529453563137,0.6533576125192773,-0.04561321874911163,2158.2221837741217,26.139468886347128
2025-06-11,2.726013371603497,0.6532240985023393,-0.04555571238280223,2165.882981207248,26.193336561356297
2025-06-13,2.7266489905341382,0.6530948986910501,-0.04549941421825,2161.8755104660486,27.21916626027634
2025-06-16,2.7273304844731814,0.6529579145988368,-0.0454407613312307,2146.6324084286,27.54069999363211
2025-06-17,2.7280967346477856,0.6528081105923367,-0.04537960023206458,2141.353522995091,30.241922692855304
2025-06-18,2.7289610825889272,0.6526407943077502,-0.0453124862424746,2162.4572313249514,29.104518672465396
2025-06-19,2.7296964226425233,0.6524943658694478,-0.045250631313058884,2174.1074090362176,28.04381183881175
2025-06-20,2.7303543586573937,0.6523607199757878,-0.04519226969876871,2177.715052439626,26.326903830604277
2025-06-23,2.7309631700200145,0.6522364457440922,-0.045137554991811976,2171.254157110475,27.100274786466947
2025-06-24,2.7316220488226493,0.6521039814734365,-0.04508064516782238,2165.8785256713377,26.736101192432884
2025-06-25,2.732304685374603,0.6519688070360359,-0.04502395957057413,2181.7147282095607,27.916815334068602
2025-06-26,2.732946893426623,0.6518390961799977,-0.04496752107912511,2182.6581488344723,28.15886910617347
2025-06-27,2.733597739030349,0.6517084253357608,-0.04491108557359047,2196.9299914855383,27.728694627294036
2025-06-30,2.7341816727197403,0.6515889861804616,-0.044857687304827816,2201.6879004093566,29.327140303155176
2025-07-01,2.7347804111452607,0.6514663578929123,-0.04480257335467306,2197.5170884469558,29.62083503127928
2025-07-02,2.7354138010806026,0.6513388339997807,-0.0447467030212592,2202.4311877843234,27.825105983546816
2025-07-03,2.7359994471388,0.6512209566821385,-0.04469487771648203,2195.338187812573,28.606153515380072
2025-07-04,2.736641826156333,0.6510943627652199,-0.04464109596469985,2192.457659870359,27.785820053905308
2025-07-07,2.737287650068883,0.6509684042014584,-0.04458848979087325,2186.687080874375,26.041811108058567
2025-07-08,2.7379261198987113,0.6508452527964761,-0.044538116562601225,2189.2077262515136,25.87110701999309
2025-07-09,2.738551995809818,0.6507242148022344,-0.04448834965597246,2170.1185516946807,24.253580427405595
2025-07-10,2.739226526702686,0.6505974786811816,-0.044439153911617416,2180.179012026054,25.33145145089335
2025-07-11,2.739886130312086,0.6504721021869734,-0.04438928105428838,2179.1458121978258,21.24108378664813
2025-07-14,2.7404552129229405,0.6503642926287706,-0.0443466629610217,2183.4648165808535,24.304269956139947
2025-07-15,2.7410827139992535,0.650245009076783,-0.044299129051501004,2206.027168819861,24.973528838036074
2025-07-16,2.7416324746724943,0.6501371233683585,-0.044253308111658604,2218.5840440396246,25.177137528822826
2025-07-17,2.7421352441844395,0.6500363098948375,-0.04420874761566444,2221.646507325267,24.298802302471657
2025-07-18,2.74261200703518,0.6499402975871091,-0.044165966765683295,2231.5172136411334,24.786400166564746
2025-07-21,2.743058233604484,0.6498485791311953,-0.04412363519613051,2230.899018211092,26.486227165168707
2025-07-22,2.7435379871385703,0.6497504969342134,-0.04407871406817556,2227.753158917506,26.83676325132003
2025-07-23,2.744040823564142,0.6496487576173461,-0.04403289558038477,2230.3677688617677,27.3852698046269
2025-07-24,2.7445441931633163,0.6495466338563121,-0.04398664441231483,2234.097347465837,25.674469968141533
2025-07-25,2.745006357613523,0.6494523310507199,-0.043943480735687455,2240.451353512805,23.742476963544345
2025-07-28,2.7454145531596317,0.6493680087819922,-0.04390404220693097,2240.051037223944,21.915972208582147
2025-07-29,2.7457983067528033,0.6492890866980806,-0.04386736126662056,2250.8029737125053,22.54648817397178
2025-07-30,2.74615262805322,0.6492141680007285,-0.043830941892962993,2248.8379355021257,21.228833654981848
2025-07-31,2.746495161803901,0.649142023038447,-0.04379613902112671,2251.940597273389,21.322916035529715
2025-08-01,2.7468273372009757,0.6490712046915592,-0.04376139854970159,2248.5546685772038,21.321488782221042
2025-08-04,2.7471721569281216,0.6489983777266889,-0.043726220793028105,2253.2078645264123,23.106706827646285
2025-08-05,2.747524776159252,0.6489226894486271,-0.04368880785345304,2260.109621557367,23.28472802482935
2025-08-06,2.7478535427975,0.6488504224713669,-0.04365186525826463,2255.497890539207,22.572493266179915
2025-08-07,2.7481917109403424,0.6487772859411365,-0.04361536277746374,2280.739195894848,26.1183218658823
2025-08-08,2.748468382860591,0.6487104018289297,-0.04357688500730178,2293.343952786846,27.526880407364217
2025-08-11,2.7487040246406127,0.6486486722327806,-0.04353825006384873,2297.934761140517,28.991912656772968
2025-08-12,2.7489323598246114,0.6485869800622883,-0.04349847155551655,2301.423613767801,29.362538134640804
2025-08-13,2.749150252536226,0.648526736997394,-0.04345877906465333,2291.8227328865446,29.72294747488997
2025-08-14,2.7494211951528,0.6484583649653635,-0.04341738982340102,2294.886718091065,29.73799432141966
2025-08-15,2.7496790836202267,0.6483919066124211,-0.043376323383812206,2315.1530888805337,30.103275436375675
2025-08-18,2.749843014039674,0.6483394321994193,-0.043337637866488185,2308.1417658819328,27.863030062728143
2025-08-19,2.7500311760131253,0.6482852126813125,-0.04330059750681121,2317.1771223292953,27.98590023272931
2025-08-20,2.7501812406927275,0.6482367429978115,-0.04326460358834538,2297.840927211362,27.980138449744764
2025-08-21,2.7504224502554906,0.6481744955588911,-0.043226031731520446,2282.8374666729815,26.3121024644136
2025-08-22,2.7507186179277405,0.6481052878348641,-0.043187573881363524,2289.1580806685433,26.542593299367432
2025-08-25,2.750991119231252,0.6480395079869937,-0.043149597662941436,2282.8352440078297,26.47605680605556
2025-08-26,2.751293035933155,0.6479693487218391,-0.04311087313110761,2271.6872231489224,27.03641463456936
2025-08-27,2.751653265366802,0.647889919784912,-0.04306994069283889,2276.439836609148,27.896197965713455
2025-08-28,2.752003219389007,0.6478113273710953,-0.04302843187997328,2272.8713596818648,28.151555414367802
2025-08-29,2.7523742063117025,0.647729265985429,-0.04298600782398948,2264.879013946458,28.014784990565577
2025-09-01,2.752783387658472,0.6476415383233164,-0.042942642861364275,2269.2530388367927,27.221158266239254
2025-09-02,2.7531644871190153,0.6475587471868351,-0.04290091838179752,2264.9687017453766,25.62601848790902
2025-09-03,2.753546405881418,0.6474771740314721,-0.04286081890292264,2282.425730507771,25.63607050478076
2025-09-04,2.7538538049862,0.6474068362659039,-0.042822812294310356,2297.372888368776,25.086354703194846
2025-09-05,2.7540938775140735,0.6473471901178462,-0.04278733417870596,2297.0198852983626,26.313664873786102
2025-09-08,2.754347704869918,0.6472844493052882,-0.0427502262858432,2306.410585123947,26.673889672726748
2025-09-09,2.754564534914682,0.6472270212342404,-0.0427138255452917,2295.0586885795537,27.925268953235772
2025-09-10,2.754844392545101,0.6471589402778452,-0.04267430031367521,2291.7502357874064,27.163071895516143
2025-09-11,2.7551358388980165,0.6470898782199136,-0.04263534921896895,2284.262231026212,27.312002995974293
2025-09-12,2.7554656292379063,0.6470149525189723,-0.04259521827927902,2263.326421312058,25.46709892397223
2025-09-15,2.755870143531668,0.6469304208874141,-0.0425549923057948,2256.7133850016453,24.51071627768766
2025-09-16,2.756292445295367,0.6468441853883604,-0.04251541349707195,2248.118474710846,24.671810295073236
2025-09-17,2.7567585142068296,0.6467515301720507,-0.04247472920693666,2252.1435341390934,24.94940741313354
2025-09-18,2.7572161187444864,0.6466602362688724,-0.042434284845716194,2241.149358192173,24.649434442577522
2025-09-19,2.75772005404028,0.6465624553461398,-0.04239307770978686,2221.71089736375,23.691160864395467
2025-09-22,2.7582885105807455,0.6464556120991817,-0.04235093813630297,2223.99472479429,23.249393060207744
2025-09-23,2.758838838489398,0.6463517921503681,-0.042309698508480875,2223.8533072657538,24.048200076280366
2025-09-24,2.759407205046693,0.6462444878513497,-0.042267059117106626,2212.338065740363,23.108671417654648
2025-09-25,2.7600036233992213,0.6461336070968726,-0.042224492073759404,2207.015618171812,22.730440949201025
2025-09-26,2.7606129540991367,0.6460209268775688,-0.04218181368146486,2207.4172965310786,23.49137629227689
2025-09-29,2.761238872346635,0.6459049417567516,-0.042137753019007386,2192.3289130837306,22.430990349187987
2025-09-30,2.7619010136320226,0.6457842767291639,-0.04209368600496032,2189.6782749717186,22.602485976378127
2025-10-01,2.7625797309422784,0.6456609433569312,-0.04204896700858982,2187.6382679249423,21.00949406553474
2025-10-02,2.763224111781457,0.6455441482452671,-0.042006881567559336,2177.6298089373913,20.868569542789285
2025-10-03,2.7639046998112096,0.6454220894503494,-0.04196400746319189,2181.278410125383,19.404748513982085
2025-10-06,2.764530165140568,0.6453096810647162,-0.04192429463027756,2179.889182613858,21.497001825764418
2025-10-07,2.765223663187595,0.6451852810277503,-0.04188054722976641,2180.832077013918,22.366138508653677
2025-10-08,2.765939802544174,0.645056730774951,-0.04183527632704203,2163.371134200918,18.449856314021318
2025-10-09,2.7666019548079417,0.6449396449813458,-0.04179560270872974,2173.0580216961,21.41277286009686
2025-10-10,2.7673233516012723,0.6448111346498742,-0.0417512157393348,2165.0684112170343,19.560194337919846
2025-10-13,2.7680183825585383,0.6446882351375556,-0.04170955822493226,2157.8329541452304,19.396637958037232
2025-10-14,2.768735967942246,0.6445621609158909,-0.041667527833986764,2136.539771013185,18.953554456642774
2025-10-15,2.7695168935413714,0.6444270665331098,-0.04162433716602548,2133.5446941492437,19.295368265763592
2025-10-16,2.770324226585474,0.6442879222167999,-0.041580257610319395,2163.478669148222,20.53643223700945
2025-10-17,2.771066321754145,0.6441578402673749,-0.041536960540882455,2178.5070156369497,24.908480003420852
2025-10-20,2.7718850220723827,0.6440130038926452,-0.041487460161420305,2165.654180936598,26.743689004535387
2025-10-21,2.7728238523891724,0.6438489327183222,-0.041433118876183554,2138.3518460940027,23.10509165311039
2025-10-22,2.773767817173786,0.6436870427875028,-0.0413822717880928,2149.4380057318485,23.427611911826073
2025-10-23,2.774678052233705,0.6435301664767896,-0.041332220360653815,2143.1994197292265,19.9454412097956
2025-10-24,2.775490107519651,0.6433908670317924,-0.04128836227757488,2136.4809684343904,19.071034920764475
2025-10-27,2.7762958619801155,0.64325334004482,-0.04124566969196194,2124.8976801672206,16.560435973796483
2025-10-28,2.7770430026222246,0.6431268607532256,-0.041207310770824755,2130.9317533691465,17.089155767428732
2025-10-29,2.777795330779476,0.6429995184787343,-0.04116858461841191,2151.707975406334,17.271954597997173
2025-10-30,2.77848819809486,0.6428811900982205,-0.041131510357146454,2156.582559053477,18.589478026868434
2025-10-31,2.7792146666790076,0.6427570272084459,-0.041092440547592646,2149.8186613815124,17.46106987355207
2025-11-01,2.7799245917553694,0.6426363054437787,-0.04105500681977727,2153.582298811456,17.602192467766553
2025-11-03,2.780628745716507,0.6425164817439524,-0.04101772396485284,2166.412912126395,18.673591059634642
2025-11-05,2.7813284180840725,0.6423966826756047,-0.040979683854104026,2161.7924381994485,17.801318711294666
2025-11-06,2.7820149303566675,0.6422795725792,-0.040942895369957995,2152.5637749762354,18.124258596151076
2025-11-07,2.782746205418877,0.6421555974826066,-0.04090467152264589,2160.2284508077873,18.80317561044633
2025-11-10,2.783476703929193,0.642031364584843,-0.040865947640684984,2169.8674086023448,17.91503894922528
2025-11-11,2.7841438851058107,0.6419173658039118,-0.04082985902320498,2178.730194037668,17.782826300503075
2025-11-12,2.784777817259293,0.6418085326457659,-0.040794875750327905,2181.8175269428657,16.24345155727658
2025-11-13,2.785352615639903,0.6417097770550092,-0.04076302300988781,2185.689682836801,16.3641856376876
2025-11-14,2.785920645458856,0.6416120603960181,-0.0407313447231076,2179.560570160923,15.88023909854095
2025-11-17,2.786493016604198,0.641514143609685,-0.04070009615630561,2170.1131831644484,15.691661590617922
2025-11-18,2.7870886481646004,0.6414129547540823,-0.040668470353696994,2173.9471162384966,17.899372107762623
2025-11-19,2.787749832613664,0.6413005170937656,-0.040633172694083064,2180.3163672838887,21.359452220058216
2025-11-20,2.788503721466616,0.6411720095002117,-0.04059246285386572,2179.7562065163,20.578163380967318
2025-11-21,2.7892367495113515,0.6410472811447517,-0.040553121512783105,2187.285236965539,22.75628046230458
2025-11-24,2.7900111448559324,0.640915188186747,-0.040511026377843144,2179.026751012667,21.836044406807154
2025-11-25,2.7907936282964694,0.6407826640285667,-0.04046966736919433,2177.246888709433,23.364512032537643
2025-11-26,2.7916368314170263,0.6406403715593908,-0.04042565806637307,2164.2526076571985,23.29337114157479
2025-11-27,2.7925376647011384,0.6404897298069164,-0.04038037447968125,2156.6813644999156,21.546466861034652
2025-11-28,2.793411105551982,0.6403444905691574,-0.04033747089390598,2160.4095650375907,23.88484310165655
2025-12-01,2.794356549494955,0.6401873469548349,-0.040290995910594346,2147.6781966490466,25.108594210824076
2025-12-02,2.7954087599759183,0.6400137449261831,-0.04024090884302227,2153.8345120972313,23.834955054318186
2025-12-03,2.7963892745701258,0.6398519368652846,-0.040194037698761,2162.3572175322815,22.630524619155025
2025-12-04,2.7972924386133036,0.6397027365730598,-0.040150488063098434,2166.6162239657824,22.639624434103943
2025-12-05,2.7981813745774082,0.639555973672002,-0.0401075939640653,2174.9768574291816,24.6587976666911
2025-12-08,2.7991071995300327,0.6394029748346742,-0.04006252707340225,2169.6811287047376,24.680533199592336
2025-12-09,2.800062954550295,0.6392458959889457,-0.0400170098373658,2165.543627788047,24.805613025706673
2025-12-10,2.8010476889502023,0.6390849089758215,-0.03997106453105825,2158.3539150514925,26.05254314536698
2025-12-11,2.8021176850061815,0.638911117569055,-0.03992246141469686,2164.2627560543274,27.014614667748592
2025-12-12,2.803199665131282,0.638735703943206,-0.03987343076335397,2173.864458836903,26.01935639840798
2025-12-15,2.8042048088598985,0.6385727002041109,-0.03982753178935806,2164.3500423077803,27.009492284755375
2025-12-16,2.8052967306419814,0.6383966993561447,-0.03977903946709883,2164.7982694874017,28.151894756313922
2025-12-17,2.806433213634643,0.6382140905922298,-0.03972910590180557,2154.3928778645827,28.097805574599867
2025-12-18,2.807627669610616,0.638023273981576,-0.039678054380836256,2160.6076156159743,27.421100439614943
2025-12-19,2.808770122010102,0.63784095467458,-0.03962920889885814,2144.9284122668537,27.887251822124128
2025-12-22,2.810017024016158,0.6376432832826077,-0.03957769750590723,2129.9282234385073,27.515095115054343
2025-12-23,2.811331930947111,0.6374359413347305,-0.03952492151006064,2127.7283299075552,28.088720805743627
2025-12-24,2.812688864627445,0.6372226585078109,-0.03947118013853145,2125.2129087279923,27.988117747130502
2025-12-25,2.814061276586855,0.6370076793211067,-0.039417602171462625,2114.318480127745,28.368551167183465
2025-12-26,2.815514275440778,0.636780967200671,-0.0393620640769806,2111.197418485233,30.48945474633118
2025-12-29,2.8170862709942903,0.6365363099684126,-0.039302671532896565,2116.0107875357207,29.584878118383017
2025-12-30,2.8185955833742637,0.6363017073889126,-0.03924579159780554,2126.2069549810867,30.11997696266635
2026-01-05,2.8200758737086944,0.6360717004075669,-0.039189773915432234,2133.904377303215,29.20400882650396
2026-01-06,2.8214788061173794,0.6358538673620556,-0.039136595673462685,2142.405389415841,28.139147407043108
2026-01-08,2.822795735784544,0.6356495202797392,-0.03908654428166828,2119.373406516285,28.274705705056725
2026-01-09,2.824246466262398,0.6354254519963929,-0.03903315888074748,2125.2483607847926,28.21325028542978
2026-01-12,2.825667251487388,0.6352062392016825,-0.03898092430266642,2101.697398438632,28.559420685741244
2026-01-13,2.8272357814536733,0.6349650526505303,-0.03892478498738435,2093.990500109014,28.793325464446816
2026-01-14,2.8288604373521484,0.6347154368918173,-0.03886707219533445,2095.9586066716793,28.94768014010507
2026-01-15,2.8304832524170327,0.6344660196415738,-0.03880931281983571,2090.206726513371,29.236977650818986
2026-01-16,2.8321546624790574,0.63420925738901,-0.03875013000154046,2109.2573995184116,29.60722577643551
2026-01-19,2.833738186012606,0.6339655987021805,-0.03869316118457143,2100.9364489102536,30.90591109628957
2026-01-20,2.8354327829851327,0.6337049187334095,-0.03863255422197294,2094.1713102761523,30.74718322059997
2026-01-21,2.8371611606664797,0.6334391071812251,-0.03857103626724553,2093.1683390685293,32.360591754072686
2026-01-22,2.838976412965417,0.6331598684059745,-0.03850642455139949,2096.002169293835,32.061886220879956
2026-01-23,2.840762866255249,0.6328850931799962,-0.03844280507225715,2092.1247662904166,32.74973102701048
2026-01-26,2.8426103740706674,0.6326011503593574,-0.038377367546908236,2078.7193108873385,33.16612711979694
2026-01-27,2.8445679001740567,0.6323008624382112,-0.03830901003706461,2081.6173067052655,33.616779176491285
2026-01-28,2.8465342949050716,0.6319993915322548,-0.03824043975855526,2078.7778246418925,34.11774779155565
2026-01-29,2.8485483076045215,0.6316907976376692,-0.03817049085108995,2096.8296392621187,33.428102484498524
2026-01-30,2.8504130579671165,0.6314045485298819,-0.03810471386870891,2095.916512531166,32.769601430325146
2026-02-02,2.8522535833373253,0.6311219465638745,-0.0380397850719321,2099.657685756881,31.857684173027188
2026-02-03,2.854029542346975,0.6308492549458812,-0.037977039628536456,2105.7411325044027,32.312085136807525
2026-02-04,2.8557929935249233,0.630578437214799,-0.037914523906176806,2096.8249505516433,32.405425606443416
2026-02-05,2.8576190441529508,0.6302982335705709,-0.03785031713453826,2089.516079875253,30.993488222565404
2026-02-06,2.859421999838409,0.6300217669247361,-0.037787349523503655,2080.8935322059206,31.454587063866548
2026-02-09,2.861303421804741,0.6297334446725075,-0.037722091329116046,2080.663236487165,30.998613913213813
2026-02-10,2.8631642370016697,0.6294482232521819,-0.03765752944998482,2080.741231666488,30.58038926944766
2026-02-11,2.865004010952399,0.6291661132545542,-0.03759361865710809,2090.9888782883663,31.88735859070797
2026-02-12,2.866850572128975,0.6288826568361298,-0.0375289147511625,2099.9327045634836,31.702315697535745
2026-02-13,2.8686352787237985,0.6286085013904184,-0.03746595490053973,2113.6674829332774,31.351786523540028
2026-02-16,2.8703219219956666,0.6283491073474756,-0.037405779352652234,2125.154983718431,30.93633270601388
2026-02-17,2.871922689722463,0.6281026346209045,-0.03734806639138932,2130.5811953736866,29.792284190088502
2026-02-18,2.8734426413012732,0.6278685227991379,-0.037293042170022536,2145.314948825563,29.541818627674555
2026-02-19,2.8748694458551665,0.6276483888840129,-0.03724060192553983,2141.3600105601486,29.489669477607627
2026-02-20,2.8763174527648965,0.6274249386367755,-0.03718749979185363,2137.7113779782285,30.073686684017776
2026-02-24,2.877812504854268,0.6271941323388842,-0.03713273400732189,2140.4647888520562,29.75452875772411
2026-02-25,2.8792787225756356,0.6269675323434234,-0.03707873512429049,2139.8274112381637,30.63623661043342
2026-02-26,2.8807870214754177,0.6267341638213775,-0.03702299374204355,2134.6430219451513,30.49395010607887
2026-02-27,2.8823196921980463,0.6264968531425206,-0.03696640055031397,2142.598308923018,30.64231350985216
2026-03-02,2.883810936954799,0.6262652306346745,-0.036910439149757855,2143.428942503773,32.29503174887769
2026-03-03,2.885364210987216,0.6260231404638656,-0.036851395186410396,2148.9657191271035,31.46510318217426
2026-03-04,2.8868458606736014,0.6257911216967539,-0.03679392032601394,2157.989752168674,30.20358401499863
2026-03-05,2.888220261590691,0.6255747682370728,-0.036739298766620083,2163.600241263261,30.569406775004214
2026-03-06,2.8895729695666423,0.6253606917829131,-0.03668433392861034,2174.176489704616,31.273151628447614
2026-03-09,2.890884751741409,0.625151371340385,-0.036629104825415475,2187.4445234910268,32.057291921161244
2026-03-10,2.8921377577194374,0.6249491166105116,-0.03657375382151432,2188.135201293676,30.424299116102716
2026-03-11,2.8933252752216685,0.6247561169861566,-0.03652010366987662,2203.6804649449477,29.512878359671802
2026-03-12,2.894388018767063,0.6245808871112022,-0.03646923263472932,2236.98753354919,28.390523278561865
2026-03-13,2.895228446216628,0.6244379415008724,-0.03642371011343954,2259.263217309439,27.11489205848727
2026-03-16,2.8959138834327427,0.6243173566606605,-0.036381924680305336,2253.01262820009,26.662405895159537
2026-03-17,2.8966117731447327,0.6241935757108941,-0.03633879316146553,2271.7214961128193,25.610908066095384
2026-03-18,2.8971862536269652,0.6240873310088657,-0.036298420325234046,2290.940696512425,25.351127786577553
2026-03-19,2.8976548497470276,0.6239953643288743,-0.03625958246197874,2305.4984196634664,24.441204363036874
2026-03-20,2.8980318861661347,0.6239159712009473,-0.03622245393794643,2328.499659612207,23.035877981494934
2026-03-23,2.898280698102417,0.6238551527310257,-0.03618858454195654,2341.321144700238,21.01842613148941
2026-03-24,2.898451873468472,0.6238064306168444,-0.03615774752840315,2355.2610673048475,20.49195052705737
2026-03-25,2.8985601090319983,0.623766520339855,-0.036128208930119865,2372.924396394937,19.689443301054155
2026-03-26,2.8985941915301066,0.6237374474527095,-0.03610064206117948,2380.160849209117,18.59870734946243
2026-03-27,2.8985961016481525,0.6237133584975572,-0.036074387276812565,2394.064040762582,16.52194563314291
2026-03-30,2.8985493720176074,0.6236979616003171,-0.0360512351692814,2406.5673799321494,16.37696178192869
2026-03-31,2.8984592148069384,0.6236881777171839,-0.03602851861264517,2407.0015550847565,15.345583975006495
2026-04-01,2.898369262493842,0.6236789675406468,-0.03600662089987026,2426.892992944666,14.353620372551656
2026-04-02,2.898228337058299,0.6236781030748884,-0.03598698357764694,2439.983512962001,13.70609617898706
2026-04-03,2.898056495388228,0.6236820957078036,-0.035968557650045904,2450.400437342512,12.663218547006604
2026-04-06,2.8978688501858523,0.62368931184405,-0.03595160098003721,2468.1901701775846,12.83044692620383
2026-04-07,2.897633330479568,0.623702770050822,-0.03593507305968629,2471.657509754174,13.172637752639416
2026-04-08,2.897380435782088,0.6237176587831994,-0.03591790335810404,2488.2672123315965,11.12391733076925
2026-04-09,2.8971286148164017,0.6237353159961273,-0.03590383616666921,2493.9341880281827,9.601929879358595
2026-04-10,2.896898014218352,0.6237520621895092,-0.035891617156158226,2510.9070211204616,8.542051819339292
2026-04-13,2.8966636101519927,0.6237709646021076,-0.03588118903399865,2508.940802530375,8.519499433946365
2026-04-14,2.8964314857679994,0.6237892651127214,-0.03587048678905131,2515.585983489591,8.344935052436785
2026-04-15,2.896192649924882,0.6238086547827633,-0.035860091396457856,2541.1411976035424,7.8432793338842455
2026-04-16,2.8959296065203346,0.6238323684458081,-0.03585109520153939,2550.3107422430694,7.482588478182506
2026-04-17,2.895664600043328,0.6238568332631274,-0.03584265761091533,2558.212133505598,6.478269113175528
2026-04-20,2.8954239980919687,0.6238794559531236,-0.03583544310811718,2578.43533410694,6.795775080151478
2026-04-21,2.8951461256880475,0.6239068393140577,-0.035828415685359924,2576.9733736394014,7.013135184449437
2026-04-22,2.8948606530527896,0.6239347138852525,-0.03582096946451112,2596.2843305898505,6.368935307350654
2026-04-23,2.8945774261354913,0.6239633799879121,-0.035814633972787224,2599.822271237524,6.601902393919246
2026-04-24,2.8942789002393723,0.6239936160771635,-0.035808015095087485,2590.3460200923273,5.50713992652565
2026-04-27,2.8940372216250663,0.6240174791967085,-0.03580206952991254,2599.8473958197706,5.0988609713544575
2026-04-28,2.893803324991439,0.6240408784506786,-0.0357966497268741,2609.9169407301897,3.320529397596994
2026-04-29,2.8936430338801387,0.6240571263852945,-0.03579316559503637,2612.9864207929745,1.026931444935797
2026-04-30,2.8935921321948883,0.6240622836666062,-0.035792062709150856,2630.655180460536,1.0474508306573371
2026-05-04,2.893536593366641,0.6240680433598362,-0.03579099747899008,2638.7462083795763,-0.6793456802571596
2026-05-05,2.8935741119589786,0.6240641312911037,-0.03579169130743815,2643.1281056157545,0.04698578103750073
2026-05-06,2.8935714778573574,0.6240644060501878,-0.035791642992061896,2656.730534876129,-0.9120433765503644
2026-05-07,2.893625290740402,0.6240587139410654,-0.03579254768209092,2656.4501368160068,-1.5479355793703298
2026-05-08,2.893717106911302,0.6240490500668873,-0.035794130789255744,2662.7834100113228,-2.4404316838914863
2026-05-11,2.8938657484171846,0.6240333394946049,-0.035796618368889276,2678.65302617886,-0.811714916652595
2026-05-12,2.893917282524118,0.6240278117754998,-0.035797397541314856,2681.39803073687,0.31930989599395776
2026-05-13,2.893896911805763,0.6240299941651951,-0.03579708851742765,2688.989289449982,0.21311764135698574
2026-05-14,2.893882986531769,0.6240314928879993,-0.03579688488471088,2678.683762148372,-0.7408027191853517
2026-05-15,2.893930337624281,0.6240264756698228,-0.03579765111687433,2710.4556301771854,-2.8266697792126094
2026-05-18,2.8941298919668217,0.6240046962221114,-0.035800247882435896,2718.9982856203633,-1.8675365074302674
2026-05-19,2.894264301082812,0.6239899651553356,-0.03580192829329147,2720.317576214542,-2.0893728258608024
2026-05-20,2.8944157121792817,0.6239734172735499,-0.035803856288883475,2729.4593301522086,-3.2658237170816395
2026-05-21,2.8946595635177172,0.6239466184007116,-0.03580680698730991,2734.103754038022,-2.553442016782048
2026-05-22,2.8948518976644757,0.6239254456908662,-0.035809092350637055,2736.494851117724,-4.049152552670277
2026-05-25,2.895161311063559,0.6238913903416454,-0.035812763134888265,2730.744363425099,-4.85378145242612
2026-05-26,2.8955288843763807,0.6238512029271082,-0.035817373676537645,2735.631872156257,-5.679926226103782
2026-05-27,2.8959664237118483,0.6238032562599015,-0.03582274108010383,2742.617318408793,-5.555908853415947
2026-05-28,2.896401574430587,0.6237553631415336,-0.03582786634139354,2749.8210942495202,-6.034250540754038
2026-05-29,2.8968835686147703,0.6237020663281508,-0.03583329364169675,2746.2875104417667,-6.578972877195321
2026-06-01,2.897406224581593,0.6236444679096445,-0.03583936104528826,2740.856875019663,-6.232243521232306
2026-06-02,2.8978941565978404,0.6235909680813352,-0.03584528203797611,2758.648601414493,-5.011823591580356
2026-06-03,2.898300337907509,0.6235458166775231,-0.03584961297120816,2757.9063901421823,-5.676639015079521
2026-06-04,2.898761232966038,0.6234946546224893,-0.035854589272607706,2756.300487515839,-6.399900457690033
2026-06-05,2.8992806697698716,0.6234370709580832,-0.035860269866267204,2752.0037491856156,-6.939080269862508
2026-06-08,2.899839414789964,0.6233753030778206,-0.03586655111027497,2744.111145868485,-8.252987354738107
2026-06-09,2.90049616156223,0.6233031645789776,-0.03587437897644548,2740.202974378269,-7.934922208731743
2026-06-10,2.901120089310964,0.6232347956838128,-0.035881980863915995,2745.3794729037363,-8.177356723159557
2026-06-11,2.901770739975486,0.6231630692824159,-0.03588950932851881,2731.5628386356516,-7.916085091553471
2026-06-15,2.902378057301739,0.6230967671090899,-0.03589717881980392,2722.175351061849,-6.587942653727097
2026-06-16,2.902867119688265,0.6230436786030645,-0.035903668408264235,2715.8604555331026,-8.297203012548371
2026-06-17,2.9034767414453775,0.6229776519050816,-0.03591193624328308,2702.8346690372628,-8.057639319642018
2026-06-18,2.9040458801871285,0.622916520153625,-0.035920190329455426,2688.118249185023,-9.184054654584905
2026-06-19,2.9046699088059387,0.6228502030083611,-0.03592998127449196,2667.528595851712,-9.258329835180557
2026-06-22,2.9052598105839054,0.622788709062935,-0.035940452732288956,2635.173167767798,-12.025515880469884
2026-06-23,2.905957913258795,0.6227189514929142,-0.03595584128729348,2627.231865368772,-11.087406072089678
2026-06-24,2.9065786701843304,0.6226574435268815,-0.03597008191941722,2598.877601914461,-13.6754267170047
2026-06-25,2.907274180285126,0.622591995764282,-0.03598948969321519,2572.6799088769526,-12.261140913354096
2026-06-26,2.907825512256352,0.622543290485872,-0.036008039822737814,2552.821041982518,-10.467284529079334
2026-06-29,2.9082471415540274,0.6225082257584634,-0.03602442493249791,2553.0206368189893,-7.959615910985562
2026-06-30,2.9085618089564274,0.6224817649275393,-0.03603641569347634,2538.4394343887857,-7.496315721025038
2026-07-01,2.9088343285409772,0.6224601037069816,-0.03604806506301032,2523.5474548477146,-7.0930885212347246
2026-07-02,2.9090693705524506,0.6224427561702334,-0.0360594536186038,2495.968221711605,-9.611829975426877
2026-07-03,2.9093360948446976,0.6224269475022561,-0.03607624664214675,2479.3479177959516,-9.53911776957057
2026-07-06,2.9095662087057192,0.6224160204535147,-0.0360934643688615,2465.191880200227,-10.995163596685698
2026-07-07,2.90979919688809,0.6224080335254547,-0.03611399810512893,2457.9757410392262,-10.88642725684883
2026-07-08,2.9100121977107705,0.6224024261215299,-0.03613449241991961,2477.138124281724,-10.349367351328498
2026-07-09,2.9102550713596744,0.6223907820631419,-0.0361526681737762,2474.7275956813455,-11.636739178239097
2026-07-10,2.910523398238568,0.6223783295559159,-0.03617319191885301,2475.14052004682,-13.311992486009927
2026-07-13,2.9108336732680353,0.6223635933032436,-0.03619662514902712,2454.8102922210132,-11.829439249999218
2026-07-14,2.9110561398362864,0.6223579833457621,-0.03621839794671128,2450.9991252598975,-11.43285292809656
2026-07-15,2.9112616316558384,0.622353789081215,-0.03623950997009379,2435.2445872728767,-13.277704792477374
2026-07-16,2.911458256754994,0.6223553665171843,-0.03626531002919788,2417.5161133219135,-16.3492648981274
2026-07-17,2.911641724919442,0.6223665318347246,-0.03629909240616379,2418.40818920596,-19.019873950930723
2026-07-20,2.9118651350117135,0.6223787451280046,-0.036338836187609413,2408.5756522255087,-16.93472454762319
2026-07-21,2.9120276593218026,0.622394531890155,-0.036374642367594315,2441.605855606912,-14.860132104193525
2026-07-22,2.9122772370542465,0.6223920188332055,-0.036402876421806854,2445.9233534551604,-12.666519292908818
2026-07-23,2.912500313924749,0.6223879617683149,-0.03642629819704687,2453.2671827094578,-12.566800097532216
2026-07-24,2.9127418819045605,0.6223808551455052,-0.036448951735512346,2485.854385348722,-12.885484654153935
2026-07-27,2.913079201143,0.6223602369498273,-0.03646989670973308,2473.3758430914086,-10.368656417816025
2026-07-28,2.9133200044158496,0.622347732704028,-0.03648707933224012,2472.563688252024,-11.38024025787372
2026-07-29,2.9135831874296523,0.6223341024658969,-0.03650592284593082,2475.7213170408977,-9.635628832651722
2026-07-30,2.913809803233467,0.6223216340168766,-0.036521435719436716,2471.1316686388745,-10.5737655324047
2026-07-31,2.9140489445024818,0.6223092815804468,-0.036538640927184916,2465.301833761748,-9.692193892427047
2026-08-03,2.9142547026961596,0.6222996508785206,-0.03655447331546529,2454.3046530537363,-7.804844146605716
2026-08-04,2.9144003207213864,0.6222945171658005,-0.03656739542999101,2453.4470489353766,-7.5084990733879415
2026-08-05,2.914538302057661,0.6222897241640591,-0.03657973139872434,2450.652687980889,-6.080122602099658
2026-08-06,2.9146452317998572,0.6222863418716115,-0.036589642563419233,2456.536787428135,-6.947047905063275
2026-08-07,2.91477602334641,0.6222811771552864,-0.03660073948302793,2449.6180860548807,-6.870788839003938
2026-08-10,2.9148950731769934,0.6222774719473869,-0.03661186319727459,2449.1915013291746,-6.256411605463108
